К содержанию,,,,,,,,
Строительство жилых домов по субъектам Российской Федерации в январе-июне 2025 года1,,,,,,,,
(тысяч квадратных метров общей площади жилых помещений),,,,,,,,
,"Введено, тыс кв м общей площади жилых помещений",,,,"Из общего объема - введено населением, тыс кв м общей площади жилых помещений",,,
,за январь-июнь 2025 года,в % к январю-июню 2024 года,в том числе за июнь 2025 года,в % к июню 2024 года,за январь-июнь 2025 года,в % к январю-июню 2024 года,в том числе за июнь 2025 года,в % к июню 2024 года
Российская Федерация,52155.76,97.62,7505.58,77.77,37270.7,98.4,4239.79,60.27
Центральный федеральный округ,15280.09,111.04,2252.68,79.52,10818.54,106.95,1184.61,57.95
Белгородская область,340.32,79.03,86.25,106.25,303.41,77.82,79.17,109.83
Брянская область,230.76,52.42,51.38,87.53,154.49,51.71,19.81,56.27
Владимирская область,504.01,86.99,76.66,90.22,439.62,86.08,44.3,61.28
Воронежская область,918.27,108.07,196.43,102.24,476.72,77.12,69.47,52.87
Ивановская область,296.73,129.44,20.58,58.59,254.27,137.26,20.58,74.78
Калужская область,501.32,92.6,49.42,39.64,459.88,107.7,49.42,58.42
Костромская область,236.56,131.53,26.83,64.81,188.45,128.45,13.65,50.37
Курская область,399.1,128.26,67.61,77.75,309.68,141.51,39.95,83.34
Липецкая область,248.49,87.37,66.79,165.65,207.55,82.2,29.72,73.86
Московская область,6649.31,114.58,974.41,67.95,5722.36,114.44,580.33,50.43
Орловская область,178.85,110.59,20.88,101.88,115.04,103.42,12.06,58.84
Рязанская область,356.43,133.84,57.19,86.67,257.33,146.29,27.7,85.41
Смоленская область,279.29,103.51,45.13,99.52,207.41,102.97,38.6,99.48
Тамбовская область,204.92,94.31,21.66,53.71,163.83,87.36,16.86,41.83
Тверская область,494.96,105.45,44.75,45.33,477.99,133.1,41.99,65.13
Тульская область,408.24,81.55,44.06,45.76,358.37,98.57,35.3,49.74
Ярославская область,465.52,94.87,44.3,54.71,355.12,119.82,38.56,101.21
г.Москва,2567.03,147.89,358.35,174.53,366.99,98.7,27.13,54.78
Северо-Западный федеральный округ,5383.74,98.84,648.33,79.47,3582.05,116.53,384.8,73.06
Республика Карелия,197.51,120.48,23.92,150.33,155.73,116.65,15.38,96.68
Республика Коми,108.82,99.2,11.76,70.86,75.47,108.46,10.93,79.15
Архангельская область,236.48,91.02,30.91,76.07,141.46,113.24,16.27,99.07
Ненецкий АО,19.28,127.98,1.26,129.0,10.53,110.27,1.26,129.0
Архангельская область (кроме Ненецкого АО),217.19,88.75,29.65,74.77,130.93,113.49,15.01,97.18
Вологодская область,473.45,129.53,46.5,68.41,368.9,142.33,29.74,60.79
Калининградская область,468.5,83.29,68.37,74.56,375.23,111.84,56.33,86.6
Ленинградская область,2210.3,101.41,268.93,77.67,1990.06,114.02,202.21,68.07
Мурманская область,69.13,159.19,6.11,138.1,65.54,170.57,6.11,138.1
Новгородская область,233.25,136.72,33.85,161.65,192.49,144.33,21.65,103.4
Псковская область,134.43,69.28,20.25,45.46,97.88,65.96,14.94,48.91
г.Санкт-Петербург,1251.86,89.55,137.74,82.56,119.29,139.18,11.24,82.5
Южный федеральный округ,6786.99,104.52,1105.29,80.82,4851.68,99.78,611.7,62.45
Республика Адыгея (Адыгея),320.93,105.16,47.33,98.54,217.23,100.11,30.07,73.17
Республика Калмыкия,47.95,95.35,8.56,61.71,44.1,94.98,7.57,64.93
Республика Крым,725.57,98.63,76.92,55.6,645.99,108.88,67.02,63.01
Краснодарский край,3286.71,106.06,502.93,72.11,2130.06,96.17,284.95,58.7
Астраханская область,434.21,136.6,44.33,48.6,377.44,134.32,44.24,79.82
Волгоградская область,619.18,113.09,136.76,152.28,430.49,137.31,44.29,63.24
Ростовская область,1210.14,92.62,267.5,107.62,864.08,79.84,112.59,60.26
г.Севастополь,142.29,108.25,20.98,52.06,142.29,125.04,20.98,92.63
Северо-Кавказский федеральный округ,3660.15,69.28,594.47,59.74,2681.66,60.59,357.64,40.09
Республика Дагестан,774.22,36.99,149.33,35.37,568.09,30.35,98.64,25.65
Республика Ингушетия,105.59,111.54,10.81,85.24,90.75,126.95,8.33,65.69
Кабардино-Балкарская Республика,314.2,110.39,23.66,46.69,282.94,121.08,23.66,53.27
Карачаево-Черкесская Республика,173.02,90.34,15.46,51.55,172.95,99.86,15.46,51.55
Республика Северная Осетия-Алания,316.55,90.77,33.42,87.47,135.91,83.42,12.41,39.28
Чеченская Республика,717.89,60.42,154.28,63.91,607.35,54.63,132.06,54.7
Ставропольский край,1258.68,116.31,207.49,103.81,823.68,102.82,67.07,45.48
Приволжский федеральный округ,9034.8,87.55,1348.09,83.33,6574.86,87.06,812.5,65.84
Республика Башкортостан,1025.37,74.26,170.95,70.16,897.7,79.27,147.7,72.71
Республика Марий Эл,191.09,82.68,17.1,35.64,142.61,86.71,13.91,42.89
Республика Мордовия,98.28,63.81,17.16,51.73,82.43,65.24,7.24,29.84
Республика Татарстан (Татарстан),2232.06,92.23,272.38,117.3,1689.4,92.28,138.11,76.73
Удмуртская Республика,751.63,102.45,85.51,109.6,359.62,80.91,53.5,72.79
Чувашская Республика - Чувашия,454.42,110.16,32.56,69.91,274.65,143.41,24.64,56.82
Пермский край,949.76,123.0,159.29,123.2,602.89,104.78,72.81,84.4
Кировская область,243.79,93.42,54.48,127.34,174.32,84.32,21.65,69.81
Нижегородская область,849.66,69.28,140.31,71.68,640.28,76.99,80.85,45.57
Оренбургская область,614.58,96.05,99.14,66.74,503.16,94.09,78.16,69.83
Пензенская область,348.65,72.31,43.79,35.61,224.84,86.4,28.1,64.57
Самарская область,677.85,70.16,162.29,108.83,517.05,70.18,68.59,46.96
Саратовская область,347.06,97.36,59.76,96.28,302.19,97.4,51.92,127.84
Ульяновская область,250.61,88.73,33.35,38.94,163.71,79.29,25.32,62.34
Уральский федеральный округ,4484.32,92.88,620.19,79.25,3172.11,105.84,324.61,65.33
Курганская область,233.62,120.4,25.2,63.64,148.54,98.62,14.11,52.27
Свердловская область,1643.51,95.9,185.03,87.26,1179.94,100.58,112.41,69.29
Тюменская область,1537.03,81.39,293.24,89.91,988.5,105.37,118.98,72.46
Ханты-Мансийский АО-Югра,234.33,67.94,32.66,45.31,176.18,102.53,23.6,97.57
Ямало-Ненецкий АО,113.48,62.71,20.69,97.91,56.84,79.61,6.35,86.68
Тюменская область (без автономных округов),1189.22,87.27,239.88,102.99,755.48,108.73,89.02,67.1
Челябинская область,1070.15,103.72,116.73,57.0,855.14,116.31,79.1,55.14
Сибирский федеральный округ,5316.4,107.42,566.08,67.19,4077.81,122.64,384.6,69.06
Республика Алтай,219.92,158.84,27.94,146.05,217.59,174.11,27.94,146.05
Республика Тыва,357.16,227.59,41.24,161.3,309.19,226.61,13.69,53.56
Республика Хакасия,298.0,133.82,29.53,106.27,229.77,170.46,17.0,83.84
Алтайский край,501.28,89.5,40.6,40.63,383.66,104.02,39.48,64.89
Красноярский край,721.41,112.12,65.22,38.19,528.07,118.48,48.58,58.41
Иркутская область,1094.09,128.07,91.75,60.57,990.34,134.17,91.75,77.52
Кемеровская область - Кузбасс,313.89,81.59,60.41,82.25,205.21,71.42,25.32,41.44
Новосибирская область,1224.06,92.48,153.67,82.05,731.98,123.83,70.44,74.83
Омская область,454.26,102.94,37.09,58.88,392.38,104.54,31.78,63.16
Томская область,132.34,59.23,18.62,77.43,89.64,73.22,18.62,77.43
Дальневосточный федеральный округ,2209.26,94.03,370.45,93.35,1511.98,99.04,179.34,58.87
Республика Бурятия,392.48,106.14,35.88,67.61,257.04,110.22,30.97,58.35
Республика Саха (Якутия),368.17,99.92,48.22,91.56,283.76,117.06,32.73,63.55
Забайкальский край,236.74,96.44,30.73,77.29,210.74,96.9,19.03,59.78
Камчатский край,44.08,109.42,3.68,50.59,40.34,100.96,3.55,49.12
Приморский край,646.44,91.18,131.67,101.39,399.17,102.51,54.39,65.74
Хабаровский край,277.37,119.76,46.21,77.49,138.96,103.33,14.31,49.3
Амурская область,111.43,52.09,28.15,97.26,88.68,69.12,13.49,49.74
Магаданская область,3.62,165.75,0.49,170.14,3.62,165.75,0.49,170.14
Сахалинская область,104.64,72.41,42.57,183.37,72.2,61.29,10.15,51.54
Еврейская автономная область,22.35,106.69,2.85,139.77,16.97,80.98,0.23,11.18
Чукотский АО,1.94,59.1,-,-,0.51,116.44,-,-
"1 без учета статистической информации по Донецкой Народной Республике (ДНР), Луганской Народной Республике (ЛНР), Запорожской и Херсонской областям.",,,,,,,,
