К содержанию,,,,,,,,,,,,,,,,,,,,,,,,,,,,,,,,,,,,,,,,,,,,,,,,,,,,,,,,,,,,,,,,,,,,,,,,,,,,,,,,,,,,,,,,,,,,,,,,,,,,,,,,,,,,,,,,,,,,,,,,,,,,,,,,
Индекс промышленного производства1,,,,,,,,,,,,,,,,,,,,,,,,,,,,,,,,,,,,,,,,,,,,,,,,,,,,,,,,,,,,,,,,,,,,,,,,,,,,,,,,,,,,,,,,,,,,,,,,,,,,,,,,,,,,,,,,,,,,,,,,,,,,,,,,
в % к соответствующему месяцу предыдущего года,,,,,,,,,,,,,,,,,,,,,,,,,,,,,,,,,,,,,,,,,,,,,,,,,,,,,,,,,,,,,,,,,,,,,,,,,,,,,,,,,,,,,,,,,,,,,,,,,,,,,,,,,,,,,,,,,,,,,,,,,,,,,,,,
,2015 год,,,,,,,,,,,,2016 год,,,,,,,,,,,,2017 год,,,,,,,,,,,,2018 год,,,,,,,,,,,,2019 год,,,,,,,,,,,,2020 год,,,,,,,,,,,,2021 год,,,,,,,,,,,,2022 год,,,,,,,,,,,,2023 год,,,,,,,,,,,,2024 год,,,,,,,,,,,,2025 год,,,,,,,
,январь,февраль,март,апрель,май,июнь,июль,август,сентябрь,октябрь,ноябрь,декабрь,январь,февраль,март,апрель,май,июнь,июль,август,сентябрь,октябрь,ноябрь,декабрь,январь,февраль,март,апрель,май,июнь,июль,август,сентябрь,октябрь,ноябрь,декабрь,январь,февраль,март,апрель,май,июнь,июль,август,сентябрь,октябрь,ноябрь,декабрь,январь,февраль,март,апрель,май,июнь,июль,август,сентябрь,октябрь,ноябрь,декабрь,январь,февраль,март,апрель,май,июнь,июль,август,сентябрь,октябрь,ноябрь,декабрь,январь,февраль,март,апрель,май,июнь,июль,август,сентябрь,октябрь,ноябрь,декабрь,январь,февраль,март,апрель,май,июнь,июль,август,сентябрь,октябрь2,ноябрь2,декабрь2,январь2,февраль2,март2,апрель2,май2,июнь2,июль2,август2,сентябрь2,октябрь2,ноябрь2,декабрь2,январь2,февраль2,март2,апрель2,май2,июнь2,июль2,август2,сентябрь2,октябрь2,ноябрь2,декабрь2,январь2,февраль2,март2,апрель2,май2,июнь2,июль2,август 2
Российская Федерация,101.3,99.8,101.9,99.4,99,100.1,100.2,100.7,100.5,100.2,100.8,99,99.1,102,100.9,99.8,100.4,101.1,100.4,102.2,102.5,103,105.2,103.9,106.6,101.6,103.6,104.3,106.3,105.5,104.6,105.1,104,102.3,101.1,100.3,102.7,103.2,102.7,103.2,103.5,102.1,103.5,102.8,102.3,105.3,104.4,106.4,102.7,104.2,102.7,105.2,101,103.2,104.3,103.9,105,104.4,101.5,102.6,101.6,105.1,102.8,95.6,92.3,93.4,94.4,96.1,96.5,94.7,99,103.7,98.2,97.3,102.8,108.8,112.9,111.3,107.7,105.4,107.8,108.2,107.8,107.5,109.1,106.6,103.6,98.3,98.7,98.8,100.6,100.9,98,98.5,99.8,97.8,98,98.8,101.4,105.2,107.3,106.1,106,106.6,106.7,106.3,105.3,103.8,105.5,109.2,104.8,105.6,106.7,103.2,104.3,103.5,103.5,106.2,104.6,109.5,100.9,99.1,100.2,101.3,101.4,101.9,100.7,100.5
Центральный федеральный округ,88.7,85.3,97.8,85.6,90.7,92.9,94.3,92.4,103.2,105.3,114.2,100.5,94.1,98.6,92.8,94.9,104.8,100.4,91.9,106.7,99.1,95.6,99.2,104.3,115.1,93.2,92.5,96.1,97.1,103.9,107.1,109,103.1,108.6,101.1,100.8,97.7,116,116.4,103.4,106.8,107.5,103,101,102.3,101,95.8,96.4,100.4,109.4,98.6,113.7,100.4,97.1,96.6,98.4,98.4,90.9,101.1,109.6,121.8,120.9,116.4,99.3,102.8,105.7,112.8,111.8,105.4,104.8,114.1,112.2,110.5,111.1,115.7,133.5,121.6,124.7,121,112,125.6,115.8,121.6,129.3,121.4,115.1,108.5,110.8,110.9,107.1,102,115.4,112.6,107.5,100.3,100.7,102.9,106.8,115.8,107.6,120.6,115.6,117.9,119,121.7,119.2,124.3,118.3,114.7,115.5,108,116.5,115.8,114.6,114,114.7,111.6,114.6,114.7,122.9,107.4,104.4,105.7,104.5,105.9,102.2,104.4,97
Белгородская область,106,106.2,104.3,103.8,104.6,98.4,102.1,101.4,103.6,106.5,103.4,100.2,99.4,94.8,99.3,92.9,101.6,107.6,100.1,101.2,108,101,105.5,114.9,105.7,108.5,104.8,110.1,101.9,102,108,106.9,102,107.3,105.6,99.5,102.4,102.1,105.3,105.6,107.2,103.4,104.5,99.3,101.3,101,101.7,96.6,102.2,104.4,102.8,102.9,102.3,101.9,104.6,107.1,105.5,105.3,103.1,104.7,103.1,104.9,102.2,100.8,99.7,101.1,98.9,100.6,101.2,97.1,97.9,98.8,101.8,98.9,104.5,103.3,103.6,103.9,102.9,105,101.9,110,107.4,108.6,107,105.5,104.2,102.3,106.7,103.2,105.1,102.7,99.7,93.6,98.6,99.6,101.1,103.8,101.9,104.8,102.9,101.4,102.5,100.1,108.8,110.5,109.6,111.1,101.4,110.6,100.8,104,105.8,105,99.7,106.4,102.6,103.2,97.5,102.9,101.6,97.7,103.8,102.7,97.1,102.2,102.6,98.9
Брянская область,105.3,82.4,114.8,115.2,104.4,114.4,106.8,104.4,101.6,94.5,102.9,104.4,108.8,122.4,99.1,97.9,101.1,92.6,93.8,86,97,100.3,105,94.8,106.1,100.1,103.2,101.2,108.1,104.6,106.3,105.3,107.4,108.1,94.6,103.9,107.2,105.5,110.7,98.5,106.7,105,100.6,100.1,102.8,102.7,100,99.9,104.4,115.9,107.2,128.4,115.6,113,117.6,115.3,120.6,117.8,113.2,123,106.6,106.2,107.5,90,89.7,96.3,97.3,108.6,100.5,105.5,102.4,113.7,100.9,103.5,110.1,121.4,121.4,120.6,121.3,110.6,108.5,103.9,116.1,109.8,116.7,112.7,108.6,141.1,117.6,96.8,93.4,119,99.5,145.6,109.5,174.2,108.4,110.1,115.8,88.4,121.1,152.4,139.1,121.2,187.2,91.7,108.3,99.4,111.3,118.4,106.2,103.9,99.9,94.2,97,93.7,108.6,102.9,143.4,126.4,112.8,94.6,112.2,110.5,105,88.7,99.6,90.8
Владимирская область,99.7,89.6,97.4,91.7,98.6,87.4,87.6,100.6,96,96.3,110.9,96.1,96,96.3,96.9,99.7,101.7,100.1,101.5,105.6,108.6,106.8,88.8,117.2,93.9,98.7,118.4,103.3,96.1,106,112.6,100.5,95.8,107.6,108.1,96.9,111.1,110.9,90.5,119.2,110.3,102.5,112.4,109.6,109,100.1,96.3,97.6,123,111.6,102.6,108.7,121.3,111.5,106.6,102.1,120.3,120.7,111.7,114.4,98.5,123.7,124,99.6,102.9,106.6,120.1,129.4,119.6,101.4,100.2,119.2,119.4,105.4,117.5,115,108.8,110.9,108.9,98.8,99.9,108,105.5,106.8,112.2,103.8,111.8,111.6,108.9,110.5,104.7,109.6,108.5,106.2,101.9,98,101.3,109,99.7,101,116.9,111.9,110.8,119.2,103.5,109.5,107.6,116.1,116.9,116.8,116.5,120.2,120.7,109.3,115.2,97.8,103.2,104.1,102.7,108.8,101.6,100.8,101.1,102.8,94.2,99.2,96.3,98.3
Воронежская область,102,104.4,111.2,91.3,95,85.4,98.5,98.3,103.9,103,100.4,95,97.6,105.6,96.4,99.9,99.2,97.7,102.5,121.7,111.8,102.6,101.1,110,113.1,99.6,101.8,105.9,77.3,111.3,101.4,103.8,96.2,96.9,108.4,105.1,107.2,100.8,94.5,93.7,105.3,100.5,104,102.4,101.8,113.5,104.5,93.5,103.3,105.4,107.9,113.7,100.4,101.5,117,117.9,117.3,111.3,112.1,124.8,117.5,115.9,117.3,101.8,105.8,110.1,116.7,120.3,95.7,102.3,98.4,114.5,96.8,107.9,108.5,113,107.2,108.3,88.2,91.3,109.7,103.3,113.8,115.2,104,100,99.1,102.4,103.2,97.3,105.6,107.1,94.6,94.3,92.6,87.4,105.4,106.2,107.8,105.2,100.8,107.4,104.6,109.7,120.6,120.9,108.9,116.9,107.5,104.3,99.4,104.6,105.6,104.5,108,101.6,99.4,108.2,99.9,94.1,92.8,94.8,101.7,103.8,96.1,101.7,102.3,102.5
Ивановская область,97.9,102.2,98.3,103.3,94.5,104.3,104.8,101.2,98.9,91.6,103,93.5,109.5,98.3,121.3,100.8,110.6,106.2,95,103.3,105,109.9,102.7,112.7,96.8,108.5,86.4,99.2,109.3,105.9,111.6,109,95.4,94.8,104.6,88.7,102.2,103.8,108,102,92.3,94.9,98.6,101.9,99,105.2,98.4,116.2,92.5,94.3,94.5,104.9,97.3,98.8,112.9,105.2,115.5,109.5,106.3,102.1,114.7,115,103.5,82.7,99.8,113.7,104.8,112.4,113.9,107.1,110.6,121,103.6,109.9,119.3,143.4,122.5,108.3,102.9,97.9,103.9,104.1,104.1,100.3,112.7,100.9,104.4,97.4,97.8,98.2,96.7,105.8,102.9,101.4,102.3,101.3,98.6,100.8,108.6,104.1,116.1,112.5,122.6,114.3,107,111.7,111,113.5,108.1,110.9,102.7,107.8,106.4,109,100.4,102,114.4,112.2,101.6,99.2,98.7,107.9,96.1,102.8,96.4,92.7,96.9,96.3
Калужская область,98.4,108.2,101.8,92.7,73.4,94.5,89.4,92.3,104.8,96.3,108.6,74.9,86.8,91.3,92,98.4,115.8,106.3,98.1,129.7,112.8,99.7,120.5,134.7,125.2,102.9,119,120.3,120.3,109.5,129.8,120.6,117.9,124.5,125.1,116.3,123.7,119.9,108.9,113.3,117.6,111.1,104.9,115.3,104.4,113.2,88.8,107.4,105.4,112.7,111.3,105.4,94.4,108.1,113.6,99.4,112.2,107.8,110.1,93,97.2,93.5,97.2,72.1,97,96.7,114.2,93.6,104.6,107,116.3,115.6,95.3,106,114.3,157,118.3,117.6,91.3,117,114.9,101.9,88,98.6,126.6,115,89.8,81.7,81.1,79.8,85.2,82.6,75.4,70.4,76.2,82.8,81.4,86.2,101.7,109.1,116.2,119.3,122.6,111.7,108.4,123.4,138.2,112.8,121.4,117.5,111.1,117.7,119.4,103.6,105.6,121.4,118.7,110.6,103.9,118.3,122.4,104.9,116.9,122.5,110.8,108.5,114.3,110.6
Костромская область,101.1,94.6,90.8,91.2,93.9,89.3,96.6,99.2,81.8,85.5,88.2,88.5,92.5,96.2,107.8,99.1,98,104.8,93.3,93.6,108,101.2,104.2,101.4,108.6,113.1,107.4,108.8,105.9,106,103,104.9,97.2,113.8,110.4,106.3,99.4,92.5,95.8,96.5,97.9,92.1,97,94.2,99.3,98.5,102.3,98.3,103.4,115.9,115.2,119.3,111.1,107.1,113.8,108.5,119.8,98.3,92.5,98,91.4,82.4,82.6,68.9,71.3,85.8,93.3,99.8,94,94.2,103.7,112.8,117.2,121.7,121.8,142.6,137.4,125.9,113.7,110.2,89.5,102,104.2,99.5,97.8,99.4,93.2,92.5,83.9,86.4,82.5,84.7,103.2,99.6,91.7,96.4,95.6,99.4,111.4,106.4,122.6,126.2,110.9,107.2,99.1,116.3,113.1,98.7,104.2,100.7,98.3,117.6,122.7,97.2,106.9,104.5,95.6,93.1,91.1,104.2,99.3,92.8,95,86.1,73.9,84.9,87.4,85
Курская область,108.2,103.9,99.4,100.6,99,101.7,103.2,109.1,101.1,101.9,106.3,100.5,95.2,102.9,104.4,107.7,109.7,106,97.2,100.7,105.4,110.1,100.3,131.3,115.6,109.1,107,82.7,102.3,105,100,120,101.5,95.3,107.4,99.8,101.2,97.7,101.6,103.9,121.8,101.2,103.9,85,107,105.4,95.7,95,99.3,101.4,94.1,121.2,86.7,95.4,107.4,102.9,100.8,101,104.6,116.6,107.8,105.5,103.3,83.4,92.4,99.5,96.9,118,95.2,107,102.4,120.9,104.7,105.4,113.9,122.2,119.2,116.7,107.2,90.3,110.3,102.3,108,103.5,103.4,110.1,99.5,99,93.9,94.4,89.3,95.6,93.6,92.6,100.2,75.1,104,99.1,108.4,104.2,118.7,116.2,136.1,119.7,110.2,109.8,102,113.4,105.6,118.4,101.7,106.8,99.7,103,90.2,103.1,103.2,100.9,98.9,98.5,100.7,85.9,93.7,89.6,93.6,97.7,98.3,80.2
Липецкая область,103.3,106.5,97.6,104.4,110.7,96.4,101.5,105.3,107.2,101.6,99.8,101.8,97.4,98.9,111,106.4,103.6,107.9,100.6,95.7,88.9,93,105.5,101.6,109.1,102.7,104.4,106,89.8,94.1,103.8,107.3,106.8,110.6,99.1,102.8,100.2,105,101.5,100.9,115.1,108.6,99.2,101.7,108.5,98.9,105.4,102,102,103.7,97.5,95.5,93.1,90.6,91.5,92.4,93.8,97.2,96.4,102.7,106,101.2,103.5,101.7,106.8,107.8,106.9,98.2,100.8,102.1,98.8,98.3,90.7,103.7,105.1,112.5,104.6,108.2,104.7,95.3,108.1,116.4,112.6,109.1,115.5,98.3,99.4,94.9,102.6,93.3,99.2,111.5,90.8,87.2,89.3,88.9,95.3,100.1,105.6,106.6,101.1,106.5,110.6,114.1,129.2,120,112.5,109.7,103.3,111,104.5,104.8,107.7,110,96.9,104.2,96.3,96.7,104,104.5,98.6,94.7,93.8,96.7,98.6,99.5,106.1,99.2
Московская область,97.2,96.6,98.6,97.4,96,98,97.4,99.9,99.4,102,100.3,98.6,96.2,101,103.6,101.6,107.1,104,103.9,108.2,108.4,107.1,109,110.3,106.7,104.6,104.5,104.8,110.4,106.7,107,108.2,107.5,107.9,107,106.6,105.9,104.7,103.9,109,106.3,110.2,110.2,109.4,109,110.9,108,106.6,104.5,110,108,111.4,106.6,109.8,114.1,109.7,114.3,108.5,120.3,111.7,107.9,114.1,109.6,99.4,99.8,112.7,112.4,112.1,113.6,111.3,102.6,133.1,116.5,118.6,121.2,133.3,123.5,119.2,118.1,116.9,123,128.2,126.8,117.5,118,113.3,113,104.9,102,99.7,102.8,109.6,97.3,91.5,100.7,96.9,102,99.1,106.9,110.7,135.2,119.5,119.3,119.6,120.2,132.8,119,106.8,112.5,124.4,114.8,121.7,107.1,105.8,110.5,104.5,106.2,103.9,105.8,109.2,106.6,102.2,102.6,106.9,104.4,106,103.8,97.4
Орловская область,90.8,103.7,99.1,91.5,100.1,102.4,109,96,91.7,95.1,100.2,95,97.9,97.8,95.5,96.9,95.7,90.5,95.7,103.3,100.4,97.5,100.9,107.6,101.3,91.6,93.1,94.9,92.5,101.3,91.1,90.7,95.3,101.5,100.9,101.7,102.7,102.3,100.8,95.9,103.6,100.6,109.3,105.3,92.7,97.2,96.5,98,98.3,102.1,106.1,108.2,104.6,101.3,104,104,116.1,115.6,112.7,106.9,106.1,107.4,107.8,103.5,101.8,111.7,119.8,108.3,113.9,108.5,129.6,115.6,102.6,105.1,114,123.5,119.9,110.8,123.1,108.3,104.4,105.7,106,107.1,112.5,104.3,102.2,101.7,102.1,101.8,84.1,103.2,95.7,94.8,98.8,98.2,92.4,99.2,99.9,91.9,100,107.4,111.1,100.9,106.2,113.8,106.4,111.7,121.2,120.9,104.2,112.6,116.1,104.7,110.7,116.5,110.3,104.9,102.1,100,91.2,96.8,99,98.3,90.6,91.9,100.1,90.8
Рязанская область,90.6,92.4,91.2,99.4,82.8,84.9,90.6,95.4,89.4,96.3,82.9,84.2,89.6,93.6,99.8,95.1,92.8,94.4,95.5,100,98.4,96.3,93.1,106.5,105.6,95.7,98.7,91.8,124,103.2,86.5,86.5,90.2,92,100.8,92.4,97,109,97.8,98.5,80.1,97.5,105.2,116.8,103.7,105,98.1,104.6,101,93.8,91.9,104,104.7,116.6,116.3,107.6,115,106.5,111.4,100.3,102.6,114.7,110.6,100.3,106,99.7,100.8,102.5,103,106.7,108,122,110.8,101.6,98.5,125.4,105.3,101.5,105.3,109.3,108.9,109.6,109.3,94.9,108.6,114.5,110.7,107.7,110.8,103.1,101.7,110.3,105.8,113.5,103.5,119,105.6,103.7,106.4,103.2,108,107.8,109.8,115.1,115.6,104.3,111.2,110.8,105.2,110.7,105.8,125.5,119.5,123,114.4,111.6,112.4,110.8,106.4,99.2,105.7,105.2,109.2,105.9,107.9,109.4,109.1,111.9
Смоленская область,96.8,94.9,110.3,103.7,88.6,95.8,95.4,97.2,104,92.9,122.8,101.4,101,92,104.4,94.7,102.6,112.2,94.1,88.2,91.5,105.2,91.1,92.7,109.7,97.6,95.3,101.6,126.3,106.2,116.2,126.9,105.7,97.5,89.8,82.3,92.7,109.6,110.2,100,94.1,89.9,93.3,84.4,91.3,105.3,102.2,114.5,99.3,91.5,91.9,106.4,92.4,96.8,104.8,109.3,119,129.4,108.5,110.7,106.1,105.9,106.2,100.7,108.8,106.2,110.9,96,97.4,92.7,97.1,141,101.9,102.9,114.2,111.6,104.7,121.8,105.7,119.6,110.6,97.1,117.4,82,120.4,110,103.1,109.5,98,76,89.2,99.2,107,94.8,90.9,110,103.5,109.1,102.8,102,125.5,139.7,116.8,107.9,100.7,120.1,120.2,97.6,100.9,110.8,107.1,105.8,110,101.3,103.9,102.3,110.5,105.2,94.6,100.4,104.1,92.9,92.1,99.6,89.2,100.1,99.9,111.6
Тамбовская область,97.8,100.2,111.6,97.5,97.8,105.4,98.2,106.9,106,99.2,110.3,115.8,96.7,106.7,92.2,111.5,109.7,94,100.6,103.9,97.6,93.5,104.2,127,102,101,111.7,99.6,122.8,116,120.7,118.2,116.1,122.2,107,91.5,135.9,127.9,123.8,117.8,110.7,120.5,108.9,114.8,110.3,105.8,100.9,106.8,91.9,98,98.5,103.9,97.2,94.3,115.9,97,109.3,95.9,98.8,119.9,118.4,116.4,111.6,102,109.4,122.3,98.2,107.8,90.1,105.3,108.2,86.3,106.5,100.8,107.8,110.4,102.7,89.4,106.4,99.7,104.9,98.8,103.4,114.3,110.9,105,104.4,110,103.7,108.5,98.3,105.7,106.6,102.5,101.7,99.2,106.9,112.8,107.5,104.3,116.9,121.3,112.5,119.1,110.5,111.7,107.9,118.6,114.4,120.8,115.9,118.3,113.8,108.2,118.5,109.8,112,119.2,114.2,109,105.2,100.3,102,100.7,107.4,105.5,106.5,107.4
Тверская область,112.6,98.8,98.1,93.4,96.2,95,100.9,105.3,102.5,95.9,98.8,92.5,98,106.4,111.6,106.6,104,100.6,95,96.3,100.2,102.7,113.6,117.4,102.2,105,101.5,104.5,119.4,109.1,107.9,103.7,96.8,94.4,91,102.5,119.6,111.3,102.6,106.4,96.7,106.2,112.3,122.2,117.6,120.9,116.8,106.8,110.1,104.2,105.2,108.6,107.4,103.2,100.5,100.2,99,101.1,98.6,102.4,90.4,100.7,97,86.9,94.7,98.6,97.7,95.9,97.1,104.7,104.7,107.5,112.2,106.4,105.5,115.6,100.8,105.1,100.6,103.1,109.4,97.1,102.2,100,104,95.5,99.4,91.5,95,97.4,102,98.6,101.8,96.9,96.5,100.4,100.9,109.3,120.3,129.2,135.3,114.5,112.8,122.1,102.3,112.5,118.2,112.1,103.6,105,98.7,105.2,99.1,103,109.8,95,106.4,107.2,102.7,100,99.8,103.5,97,98.8,96.1,99.1,91,99.3
Тульская область,104.9,107.1,141.1,121.8,101,98.3,89.9,81.6,103.3,106.4,115.6,102.1,103.6,96,95.4,86.5,118.3,108.5,117.3,84.2,108.4,98.9,106.7,128.3,104.6,120.9,77.1,118.8,90.5,104.2,87.1,115.9,114.7,121.4,89,109.8,91.2,80.8,101,95.7,106.9,98.6,115.2,95.9,115.8,102,107.8,113.9,108.8,120.9,112.4,100.4,95.5,106.7,126.3,107.5,87.9,98.4,104.3,121.1,118.9,125.6,157.6,103.5,114.5,125.9,98.5,108.2,99.5,106.7,114.6,96.7,106.1,113.4,84.1,126.3,125.8,100.6,98.3,109,114.8,115,111,112.5,126.2,90.6,101.1,110.3,77.7,99.5,108.9,125.4,112.1,103.4,110.3,91.3,105.1,116.5,105.8,110.5,144.1,116.1,132.5,124.7,129.2,118.5,107.1,104.2,99.7,123.8,114.6,102.1,93.9,104.9,103.4,95.6,99.3,112.5,110.9,141.4,109.1,98.5,120.4,102.7,117.3,104.5,104.9,98.6
Ярославская область,100.7,107.6,145.6,114.3,70.6,174.4,133.8,70.7,210.5,74.4,62.9,77.9,84.3,216.5,57,119.8,94.6,62.8,151.2,115.1,82.3,119.8,129,190.4,138.9,66.3,137.5,69.5,173.2,127.5,75.2,141.3,76.1,152.8,162,89.6,90.9,104.7,78.1,121.3,75.7,187.7,92.9,134.4,127.4,95.8,70,113.1,103.3,93.3,120.5,97.8,97.4,71.2,108.1,121.3,115.4,120.9,133.5,91.5,98.2,119.6,97.9,98.2,97.4,118.5,113.1,84,98.5,81.3,110.1,92.8,108.2,118,104.3,146.1,107.3,106.8,90.7,90.2,117.5,124.6,100.5,122.7,108.8,103.7,125.7,105.8,100.7,100.9,100.6,129.6,103.5,93.5,99.2,104,107.1,86.6,92.7,93.4,122.9,128,147.1,102.3,117.8,121.6,103.3,88.9,106.6,115.5,103.2,108.2,120.1,101.2,87.3,105.2,110,97.3,102.6,103.1,102.7,98.8,101.7,101.8,87.3,98.1,106.4,103
г. Москва,78.4,72.8,90.1,74.2,86.7,85,89.7,88.8,99.4,114.1,137.2,105.9,91.9,90.7,89.7,90,104.8,102.3,80.9,109.5,97.1,88.2,82.1,91.6,120.9,85.6,80.6,90.8,88.1,101.3,113.5,106.9,104.4,106.4,93.8,104.8,93,131.6,138.3,101,110.6,102.9,100.9,95.1,96.8,97,92.3,89.1,96.5,112.1,93.2,120.1,99.3,92.5,84.7,90.7,89.2,75.9,92,109.9,141.2,132.2,123.6,102.3,104.8,103,118.5,117.6,105.8,105.4,125.6,109.2,113.7,112.1,121.6,141.5,128.9,138.2,135,116.6,138.1,117.8,130.1,149.5,127.1,121.7,110,116.6,120.3,114.3,103,121.8,125.7,118.8,101.7,103,104.1,110.3,123.6,108.4,120.3,115.3,118,121.6,124.3,119,132.1,126.2,119,114.5,107.3,118.5,121.1,120.3,119.3,122.1,115.6,121.2,121.1,131.6,109.1,107.3,106.9,104.6,108.5,101.7,105,95.5
Северо-Западный федеральный округ,99.4,98,99.1,95.2,98.8,99.9,93.2,99.2,98.1,95.7,99,98.8,97.5,105.8,97.4,100.3,101.7,99.9,101,95.5,98.3,102.8,102.1,104,103,100,103.1,102.6,102.7,102.4,102.6,101.3,99.3,99.8,97.6,105.2,100.8,99,99.4,99.9,99.9,98.7,102.9,99.9,96.9,99,101.8,104.6,103.3,102.1,100.1,103.9,102.7,102.2,104.2,102.5,107.4,103.4,102.2,101.2,101.7,103.3,101.5,91.6,92,92.7,97.8,94.3,94.5,97.2,99,102.6,99.4,97,106.3,109.7,109.7,105.5,97.8,106.3,106.7,102.9,104.9,103.6,109.2,107.1,103.5,102.7,100.1,99.3,100.4,91.8,92.8,102.2,107.5,94,96.7,97.2,100.6,103.8,111,109.3,110.1,108.9,107.2,105.9,105.1,108.4,107.5,113,106.5,106.5,106.2,102,111.3,107.3,107.5,113.7,106.2,111.2,101,96.9,103.9,103.1,98,103.9,95.4,98.1
Республика Карелия,96.6,103.2,96.8,93.3,100.9,98.3,97.2,101.8,100.9,94.9,105.6,97.9,103.3,104.1,103.1,113.7,102.8,103.6,97.1,113.2,102.9,94.8,102,94.5,105.9,100.7,98.6,100.9,101.7,101.5,114.7,101.8,101.9,111.1,102.9,101.8,97.6,105.4,111.7,102.6,103.8,100.1,101.1,99.5,102.9,103,109.9,108.3,104.7,101.1,95.9,102,102.5,104.7,87.9,97.1,99.8,98.3,100.8,109.4,103.6,107.4,102.7,107.3,104,104.2,118.1,104.7,104.6,106.4,105.5,100.5,96.2,93.8,101.4,102.8,101.8,101.5,98.3,103.5,101.2,101,103.8,108,101.9,96.4,97.2,91,95.5,93.7,90.9,93.1,91.9,89.8,88.7,89.5,92,99.6,102.9,102.4,96,97.9,100.3,95.1,100.6,106.4,101.8,106.8,97.2,105.8,98.2,95.9,104.1,100.4,100.8,100.6,91.6,98.7,100.4,94.3,104.5,90.4,93.3,100.7,89.4,93.2,90.7,97.7
Республика Коми,103.7,101.1,100.2,102,110.8,102.1,102.1,102.9,101.8,98.9,98.1,100.7,103.8,106.2,102.3,99.9,98,97.7,98.1,100.4,95.6,97.5,95.1,92.6,92.7,89.3,94.5,94.3,95.6,88.6,96.1,97.2,97.5,97.8,98.3,100.1,100.1,99.1,98.8,100.5,98.4,107.4,103.1,100.8,101.5,103,104.9,104.7,102.9,104.1,102.7,102.3,103.5,101.7,104.6,104.5,103.6,101.9,98.9,97.1,98.7,103.3,101.7,103.9,88.1,86.3,84.1,83.5,85.3,85.1,88.5,90.4,91.4,86.6,91.5,89.4,109,108.3,107.5,108,106.8,109.2,109.2,109.3,111.1,111.5,104.6,102.9,106.3,105.5,105.4,105.1,104.6,100.1,100.4,99.6,97.7,98.4,99.9,102,97.1,98.3,97.5,97.4,100,106.5,105,104.5,101.3,105.6,103.4,101.8,103.5,99.3,101.9,102.3,98.6,92.7,92.6,96.9,99,93.2,95.9,95.3,92.3,98.5,99.2,98.5
Архангельская область,105,106.5,120.8,101.7,109.3,107.3,115.3,106.1,119.6,106.8,123,109,114.3,116.3,100.2,108.6,113.8,112.8,107,95.7,104.3,112.6,102,94.9,106.4,105.8,110.5,113.4,107,109.4,99.5,93.2,89.3,95,100.7,116.1,96.8,97.1,103.2,90.4,96.1,98,102.8,105.6,104.1,100,100,89.8,101.9,100.2,87.4,104.9,95,94.1,103.4,96.2,127.2,104,103.2,91.7,99.1,101.9,108.6,92.8,87.8,93.3,89.6,89.5,68.3,95.1,97.7,101.3,92.3,83.2,88.1,98.7,112.7,110.7,101.2,101.9,112.4,103,96.7,119.2,111.2,113.8,114.2,107.4,106.4,100,113.6,109.6,99.8,101.7,111.7,82.1,97.6,106.1,90.2,96.5,92.1,96.2,88.4,96.9,93.4,97.5,109.2,87.1,103.3,100.5,104.5,106.2,110.5,90.5,103.6,99,95,102,78.5,129.6,90.1,87.1,96.9,91.8,89.3,105.8,102.9,90.8
в том числе Ненецкий авт.округ,104.9,107,108,109.1,110.7,109.2,122.5,112.1,104.3,111.5,113.1,113.1,119.2,122.6,118.4,112.6,115.7,115.4,114.6,109.9,120.5,112.2,114.4,113.1,106.4,102.5,107.4,109.7,108.7,103.7,91.4,81.4,77.1,91.5,91.9,92.6,89.8,87.2,86.3,88.8,91.5,94,102.4,116.7,109,103.2,100.3,98,100.4,103.6,102.2,98.8,98.3,100.2,98.8,86.5,110.7,95.2,95.9,97.9,97,99.9,97.6,100,79.3,78.3,82.1,98.8,69.4,90.4,89,87.5,85.2,82.4,85.5,92.5,122.8,121.7,113.5,93.6,125.7,105.7,106.9,109.5,124.1,124.2,123.2,110.9,106.3,108.1,112.1,117.9,103.4,107.2,109.4,103.7,96.8,96.6,94.2,93.2,91.7,91.1,89.1,91,96.9,94.1,93.8,95.9,97.2,97.6,98.8,101.3,101.2,100.7,100,89,82.4,101.4,99.5,99.4,91.3,86.6,89.6,89.9,94.4,96.6,97.5,93.4
Архангельская область без авт. округа,105.3,105.8,142.3,91.9,107,104.6,104.8,99.5,143.5,99.9,138.4,105.8,105.5,105.5,78.1,101.7,110.6,108.8,94.2,78,85.9,113.2,86.2,79,106.5,112.5,116.2,120.4,104.1,118.6,115.9,114,108.8,100.8,115.9,145.3,111.9,115.9,133.2,93.2,104.6,103.7,103.3,91.1,98.3,95.2,99.7,83.4,104.3,95.5,70.3,115,89.9,86.2,111,112.6,148.5,118.8,113.3,86,102.4,104.9,126.8,82.3,102.8,116.2,100.9,77.5,67.2,101.5,108.6,115.7,103.1,84.3,91.5,109.6,99.1,99.5,86.4,115.3,99.3,99.8,86.5,126.9,95,99,103.4,102.2,106.4,89.9,115.8,98.6,95.3,94.7,114.6,67.4,98.9,122.8,84.6,101.8,92.7,103.6,87.5,106.2,88.6,102.3,127.4,78,113.2,104.4,113.5,113.2,125.8,77.1,109.1,112.5,113.6,102.8,60.3,168.4,88.6,87.7,106.7,94.2,82.4,121.4,110.6,88
Вологодская область,110,109.6,100.9,99.7,97.4,100.9,99.2,102.4,108.3,101.1,100.9,97.3,94.8,96.3,105.6,106.9,103.5,101.1,105.8,94.2,99.3,107.9,103.8,108.9,97.4,101.3,100.9,98,105.2,103.2,99.8,107.4,110,101.3,102.5,103,110.7,104.5,103.2,108.6,102.4,108.8,105.3,104.4,102.5,100.6,100,104.7,101.5,103.1,104,103.1,106.9,100.4,108.5,106.7,102.7,102.9,104,100,102.6,104.5,101.6,96.6,99.7,103,102.2,101.9,101.9,102.4,105.6,105.9,103.5,98.1,102.3,102.2,101.6,99.7,93.1,97,102.2,111.6,103.7,98.7,101.3,102.1,101.5,100.5,90,90,96.2,98.3,98.6,88.2,96.4,98.6,95.6,99.2,95.5,105.5,116.4,118.7,112.6,107.1,100.7,111.9,107,104.5,106.8,109.9,108.8,97.6,97.1,94,94.6,100.1,103.9,101,99.9,102.9,103.2,100.1,102.1,104,106.6,104,105.4,100.3
Калининградская область,81.7,93.2,88.4,84.6,79.1,111.5,94.7,91.9,97.3,97.1,93.7,90.9,105.1,105.7,108.3,87,97.1,84.9,104.6,104.3,104.3,107.4,114.2,101.4,104.6,101.1,98.3,89.4,113.5,112.4,115.6,113.4,99.8,109.5,108.1,111.2,104.6,99.4,95.5,103.7,109.8,104.5,105.9,105.4,100.6,106.6,103.2,112.9,98.6,99,106.5,107.6,105.8,96.3,96.7,99.7,94.9,98.2,96,99.8,96.1,101.5,89.8,78.6,78.5,84.7,93.7,92.8,105.3,97.7,102.4,106.1,102,105.4,106.9,121.2,117.2,116.6,102,102.3,92.1,96.2,103.4,94.5,89.6,93.4,88,79.6,74.6,75,73,72.9,72,76.5,68,67.9,82.1,75.2,83.4,88.7,97.3,97.2,109.6,104.7,112.1,95.2,111.8,111.6,102.4,112.4,97.8,105.7,104.7,104.4,92.8,98.3,99.5,100.6,94.5,113.2,100.8,96.9,109.9,100,98.3,99.7,116.5,111.3
Ленинградская область,109.9,103.7,103.3,93.9,96,108.5,105.9,92.3,98.3,93.5,101,96,102,106.8,97.3,98.4,112.1,106.9,89.3,107,100.2,103.1,103.1,105.4,101.2,99.9,103.7,108.4,90.2,104.7,106.9,102.2,99.5,103.6,102.9,101.3,101.3,93.2,100.5,104.1,107.2,101.2,115.5,101.6,94.6,98.2,102.1,113.9,105.2,103.8,101.5,105.6,104.5,102.9,103.9,100.2,109,106.9,100.2,104.7,103.6,101.4,101.6,91.5,96.3,95.5,100.5,102.9,107.1,98.1,97.2,95.4,103.2,100.6,114.9,116.9,111.7,105.9,103.3,104.9,111.6,104.7,112.9,94.4,108.8,108.9,106.9,106.2,96.2,93.3,92.9,95.2,81.9,95.6,96.7,90,96,102,110.9,105.3,130.2,124.6,112.7,107.4,100,103.2,106.3,101.6,116.3,109.6,103.4,109.5,107.9,104.7,114.5,109.4,109.4,119.9,117.6,114.2,103.6,99.3,97.3,105.5,98.5,91.3,89.8,92.9
Мурманская область,109.7,100.1,98.1,104.4,98.6,111.2,98.6,108,113.2,95.4,102.1,103.9,88.4,104.2,99.4,92,104,100.7,101.2,95,87.7,119.5,119,118.8,110.2,104.5,110,119.3,117.3,122.4,119.5,117.6,119.4,106.1,105.1,93.7,101.9,105.5,114.3,109.1,101.2,100,94.7,101.2,90.2,103.1,102.1,97.8,102.1,98.9,97.2,104,116.4,116,121.3,107.5,121.8,107,100,103.4,103.1,103.8,100.9,94.4,94.8,97.7,106.9,103,97.9,102.3,109,105.7,100,102.1,99.6,109.1,102.7,96,88.3,107.3,121.7,97.6,115.7,122,114,107.5,104.8,99.3,98.4,108.1,94.8,84.5,83.7,103.5,86.2,86.6,83.6,87,92.2,99.1,99.3,90.5,109.7,98.2,98.6,84.8,96.1,125.8,94.4,106.7,108.5,99.7,106.5,108,107.1,105.2,87.8,103.8,93.3,82.5,97.6,83.9,91.8,92.8,85.3,91.6,84.9,83.8
Новгородская область,110.2,108.5,111,109.5,114.1,109.6,93.5,94.9,87.4,99.4,95.9,81.6,90.2,89.7,95,97.6,93.9,103.1,113.5,111.7,121.8,122.6,119.7,110,112.7,108.6,101,106.4,111,97.5,104.4,106.1,101.5,109.4,108.1,94.6,100.1,104.5,99.2,105.9,98.3,102.5,101.4,103.1,101.2,96.4,89.1,104,112.1,98.1,101.4,95.6,96.3,100.7,97.1,107.8,99.2,110.2,114.2,103.3,95.2,107.3,105.1,108.3,100,97.2,96.1,88.7,96.2,101,110,123.7,101.9,107.5,102.4,108,106.1,98.6,112.9,108.3,105.8,113.8,109.6,105.2,105.4,99.8,100.2,92.8,88.3,99.8,86.5,88.6,92.4,83.6,88.6,89.3,95.3,90.9,99.6,102.1,115.6,104.5,104.3,104.6,97.9,107.6,99.5,111.7,109.4,115.4,103.3,107.2,96.9,94.4,104.1,103.2,108,100,100.4,93.8,102.5,101.8,114.2,101.5,103.5,113.3,112.2,114.4
Псковская область,101.1,100.1,107.4,104.8,102,106.9,110.5,106.1,100.9,105.3,101,97.8,106.5,103.5,102,104.1,109.6,104.6,102.1,106.9,109.1,102.8,113.5,103.4,107.1,108.7,111.8,114.5,109.2,114.9,111.2,105.7,108.6,111.1,96.8,90.5,111.9,106.5,92.6,96.5,99.7,89.8,96.1,97.5,97.1,100.1,101.9,109.8,103.9,101.9,101,111.2,104,109.4,112.8,113.1,109.5,103.6,110.7,101.9,97.2,110.7,110.6,97.6,93,95.6,89.1,88.3,95.9,97.6,86.1,99.3,101.6,103.9,105.6,101.9,111.3,108.3,104.9,102,96.6,102.6,112.9,114.2,102,92.7,89.8,101.7,97.1,114.5,100.4,107.8,110.2,97.7,94.7,90.3,109.1,97.7,105.1,112.4,115.4,108.6,112.6,116.1,110.5,109.2,115.2,135.8,115,127.4,112,112.9,116.6,105.6,111.6,109.6,103.6,112.1,103.1,87.5,100.1,110.5,102,101.4,94.8,93.6,96.5,83.5
г. Санкт-Петербург,89.5,87.9,89.3,88.2,93.2,90.3,76.7,97,88.2,90.2,92.5,98.5,89.4,106.6,90,98.9,95.4,94.5,101.7,85.3,93.4,95.6,97.9,109.4,106.9,99.8,104.3,98.8,103.9,98.9,98.6,99.5,97.5,95.5,89.6,107.1,99.2,98.1,92.7,96.6,96.2,89.9,96.9,92.2,90.1,94.2,102,108.4,103.3,103,103.9,104.1,101.2,105.2,104.4,103.7,101.8,101.9,103.3,104.9,105.2,103.5,99.2,80.5,90.2,88.7,103.9,93.5,101,98.9,98.9,107.2,100.9,99.9,115,119.2,111.3,105.5,89.2,111.9,102.1,98.7,99.6,111.4,114.5,108.8,102.6,106.9,106.9,104.6,106.9,84.8,95.8,116.8,130.7,100.5,102.5,96.6,105.4,109.7,121.2,118.2,126.9,125.4,124.6,114.7,103.7,117.4,111.8,126.6,111.5,112.1,108.3,108.3,126.3,115.5,121.2,132.2,123.5,119.7,104.9,101.5,115.2,111.5,104.3,115,91.1,102.4
Южный федеральный округ,100,102.2,93.2,98.3,113.2,98.1,105.4,135.3,138.2,153,175.3,117.8,104.7,101.5,104.3,105.9,108.1,112.8,110.6,108.4,108.6,105.9,110.2,107.5,108.8,108.9,117.9,113.8,112.5,111.7,115.3,115.4,116,106.9,104,100.6,110.7,108.3,105.5,114.4,109.1,101.2,99.6,101.5,98.5,116.2,101.9,112,103.8,102.3,96.8,105,102,100.7,100.8,109.6,105.7,108.3,106.4,98.4,100.8,103.4,105.5,98.1,94.2,91.4,99.4,96.1,102.1,95.9,96.9,100.2,101.2,97.4,103.7,109.5,109,110.2,103.8,102.4,102.8,102.1,104.8,103.2,109.8,109,100.9,96.5,101.3,102.6,100,100.3,104.1,105.2,109.2,120.6,98.5,98.9,107,106.1,106.5,107.5,111,107.6,108.3,104.2,102.4,87.9,103.5,109.4,108.9,107.7,109.2,96.7,103,96.3,96.3,99.2,103.2,102.3,101.8,93.8,91.5,101.5,97.5,105.1,92.7,101.2
Республика Адыгея,110,103.8,112.1,108,107.5,100.5,103.6,99.6,97.4,106,110,100.4,96.7,101.2,109.6,113.6,112.8,113.6,112.3,111.8,112.1,105.4,134.5,107.6,125.8,111.9,101,107.4,108.6,104.2,103.7,105.6,98.8,97.9,81.7,92.1,83.5,98.1,92.6,91.8,92,85.5,113.2,108.9,92.5,96.3,111.9,154.9,104.1,108,98.7,95.3,92.4,98,114.7,112.1,106.8,106.2,115.5,122.7,110.4,123.7,113.1,115,112,134.7,110.2,98.2,107.5,104.2,102.5,104.8,105.2,87.8,125.7,118.4,117.7,107,112.9,113,115.9,116.8,120.6,111.6,116,117.5,113.7,118,127.8,113.2,99,103.8,107.2,109.5,117.8,114.5,106.3,115.4,100.5,95.6,98.7,108.5,120.5,122.6,114.7,111.3,103.2,103.8,114.4,111.5,116.1,103.4,103.2,95.8,95.7,96.1,99.4,97.9,108.6,99.9,98.6,101.4,100.2,101.9,100,102.9,98.1,102.4
Республика Калмыкия,104.5,90.3,105.5,95.8,97.2,98.4,93.9,104,107.9,88.8,93.3,87.5,77.9,95,95.4,96.9,101.2,126.8,139.4,136.2,119,119.6,131.6,133.9,134.7,134.4,107.5,130.9,111.1,76.2,87.1,87.3,84.3,81.7,102.2,113,100.9,100.7,109.9,97.2,104.6,88.7,82.1,97.2,101.3,106.5,97.4,93.5,104,96,92.9,102.3,89,112.7,98.8,94,94.7,100.2,91.1,91,84.5,110.9,104.9,95.1,92.4,111.6,100.3,101.2,104.9,88.6,92.4,110.8,133.2,117.1,148.8,135.2,168.2,125.9,120.8,128.9,118.9,152.6,126.8,96.7,115.2,98.4,82.2,112.8,106.2,103.6,144,157.5,141.1,121.5,121.4,136.4,122.8,106.2,115.7,105.8,99.8,112.3,100.1,81.6,89.3,91.6,91.7,92.9,83.7,118.8,102.4,97.8,100.3,96.8,102.5,107.3,106.8,96.9,93,99.2,87.9,77.4,89.4,79.9,92.8,103.9,101.1,90.1
Республика Крым,103.3,107.7,131.8,157.1,138.9,125.8,146.1,117.6,134.2,134,109.6,120.8,176,149.4,136.6,131.5,135.4,147.6,141.2,156.9,137.3,144.2,157.6,105.3,96.9,99.8,106,103.1,93.5,112.2,107.2,99.4,98.8,94.1,97.8,102.7,99.8,93.1,98.9,100.3,106.8,107.8,119.7,110.4,107.8,116.5,123.7,128.6,120.9,108.8,116.9,128.5,108.6,112.8,106.4,118.6,121.4,113,95.4,94.5,104.4,122.8,104.7,89.3,93.8,89.9,100.6,110.2,112.9,100.9,103.2,92.4,99,95.7,96.6,119.5,127.9,138.8,122.2,94.5,100.9,125.3,108.6,114.1,114,113.8,109.3,113.4,104,105,105.9,123.6,111,93.3,113,116.9,104.7,97.4,102.2,83.7,122.3,90.9,89.1,98,92.2,105.6,86.8,88.1,94.6,112.2,104.6,111.8,82.9,103,147.1,107.5,105.6,108.2,123.9,107.1,103.6,87,94.9,108.1,105.6,96.8,100.8,97.4
Краснодарский край,103.4,109.2,104.8,103.7,102.7,101.4,99.5,98.3,103.5,102.6,95.1,97.8,99.8,91.1,95.9,100.7,99.6,103.4,96.6,104.4,97.6,100.1,106.4,109.6,104.1,109.2,108.4,102.9,104.4,103.7,107.6,104.2,105.3,107.9,101.2,95.6,97.4,98.3,101.5,108.3,105.1,95.5,100.5,95.9,98,95.5,99.4,108,99.7,95.6,94.2,99.4,99.6,100.8,99.6,111.7,108.7,114.5,107.5,107.3,96.7,107.1,118.7,109.6,94.9,90.5,93.5,86.3,91.4,87.5,87.3,90.7,100.2,92.8,100,111.2,114.4,114.2,109.4,109.7,107.9,115.3,114.1,109,114,113.5,100.8,93.7,95.5,99.9,96.6,101.7,103.2,102.8,107.8,116.5,106.7,102,116,112.5,115.2,108.6,109,111.9,108.4,103.3,95.9,90.2,101.5,104.2,99.8,101.4,102.4,95.3,100.1,95.2,97.2,94.7,100.4,108,96.7,96.4,92.8,101.7,100,106.8,105.4,101.5
Астраханская область,104.7,101.3,99.4,107.4,99.3,102.3,104.7,116.6,98.3,97.8,100.5,116.6,107,110.9,105.4,95.1,83.3,99.4,102.5,102.8,121.4,138.5,141.3,119.5,139.3,132.3,158.3,175.9,192.6,184,181.2,170.4,139.1,142.6,136.4,124.3,120.3,133.7,116.4,125.2,119.6,105.1,113.8,117.2,122.4,110.9,106.1,113.5,111,108.7,110.5,108.8,106.4,104.1,100.5,101.4,93.5,100.1,102.5,99.7,97,102,96.5,97.9,97,89.5,99.3,100.5,108.6,90.8,92.1,97.4,98.5,94.2,102.3,98.5,97.5,104.2,94.8,92.7,88.5,77.7,85.4,93.6,97.6,100.9,95.2,88.5,99,101.5,99.5,101.3,105.6,110,107.5,97.7,97.7,93.2,98.5,108.6,101.5,100,105.8,100.4,104,108.1,98.5,92.7,100,108.7,101.2,98.8,98.1,90.1,91.3,100.5,97.9,96.8,105.6,108.8,103.4,83.9,86,103,101.8,103.5,93.5,91.9
Волгоградская область,99.2,100.3,98,106.6,91.4,96.5,111.9,105.6,100.3,114.9,100.6,105.9,109.2,115.4,101.2,100.8,101.6,113.5,92.6,107.1,111,93,106.5,99.4,94.9,90,114,113.3,108.2,103.1,113.4,107.1,98.9,101.8,104.7,102.8,110.2,105.4,100,96.7,100.9,102.8,99.3,95,92.7,104.6,102.4,101.2,99.8,105.4,90.7,102,102.1,97.5,102.1,101.1,103.3,92.7,107.8,97.4,100.3,100.5,116.4,99.9,90.7,88.8,89.8,92.5,101.9,105.9,106,100.3,95.2,90,90.6,96.4,103.3,105.2,100.5,99.8,93,100.5,106.2,101.2,103.6,106.1,101.6,100.9,100.9,103.7,103.2,102.5,105.1,105,99.7,102.9,102.3,100.7,105.3,102.1,94.4,105,108,107.4,104.2,97.8,98.9,103.3,102.6,104.7,105.2,107.5,111.9,89.6,96.8,92.1,96.3,99,104.3,103.6,94.7,85.9,88.1,88.2,102.1,113,89.3,78.1
Ростовская область,93.3,96.1,78.1,80.6,141.5,93,102.9,190,207.6,251.1,359.3,144.1,98.1,89.5,109,116.2,130.8,123.8,142.7,111.3,110.1,106.2,99.7,106.4,111.1,115.9,115.2,101.7,99.4,100.5,102.9,114.7,143.3,98.2,96.3,94.8,119.9,106.7,109.8,134.3,114,103.4,86,101.3,90.8,161.6,95.4,112.3,108.7,110.2,92.1,113.1,102.3,97.5,99.7,115.3,105.8,110.6,107.3,85.5,106.8,100.3,98.2,89.8,95.1,94.6,113.6,102.7,108,101,102.4,107.8,111.3,111.9,118.2,123.2,115,113.4,104.9,106.2,116.1,104.2,107.8,96.2,115.6,111.9,101.8,99.5,104.9,99.9,99.5,93.9,102.1,107.6,116.1,151.3,90.7,96.3,106.8,104.6,109.1,116.6,120.1,107.4,111.4,105,113,79.2,110.2,116.6,122.6,116.7,120,101.3,108.4,93.5,94.9,100.6,99.4,94.9,109.4,100.8,93.9,107.1,92.1,101.8,83.9,121.6
г. Севастополь,138.4,120.9,119.6,128.6,119.2,120.6,130.1,133.1,97.8,126.2,102,112.7,102.5,134.5,146.1,125.4,108.7,109.9,106.6,123.5,105.5,112.3,111.9,102.6,108.4,95.9,95.2,99.2,112.4,110,108,120,104.9,83.6,109.7,88.8,126.6,111.6,95.2,109.9,110.3,66.2,40.4,39.1,18.5,50.8,115.8,152.3,128.5,143.7,168.4,182,298,156.7,638.4,113.9,168.8,252.4,118.4,147.5,124.8,99.9,68.9,88.8,71.2,84.1,90.8,101.1,96,78.2,89.9,134.8,87.3,88.7,108.6,136.9,105.1,75.4,95.7,82.9,78.3,90.4,107.2,239.5,182,109,119.4,68.9,130.8,215.9,120.2,117.2,111,87,109.9,60.1,80.6,136.7,123.5,143.2,104.1,86.1,124.4,140,174.7,132.3,128.9,88.8,98.9,111,121.3,130.8,207.6,148.6,140.3,127.7,78.7,151.8,134,107.9,108.3,128,93.1,106.3,73.6,106.8,88.8,79.4
Северо-Кавказский федеральный округ,93.5,91.4,102.8,115.4,115.4,118.2,117.6,107.7,113.3,103,94.6,93.1,110,110.1,103.9,106,90.3,97.9,100.4,107.5,102.4,104.1,108.5,106,104.8,107.4,115.8,89.9,120.4,103.4,101.9,105,93.6,100.3,92.5,88,99.3,95.2,89.7,104.8,87.6,105.9,91.5,95,92.7,93.3,95.5,93.3,99.1,99,98.1,103.5,98,102,105,94.8,101.9,100.4,108.4,112.3,105.7,109.3,109.9,108.8,107.8,108.5,103.1,105.1,108.3,100.9,106.1,110.4,105.9,111,114.3,110,104.5,103.6,110.9,114,111.6,120.2,113.6,111,112,107.8,112.8,106,105.1,109,102,109.3,99.9,99.8,105.5,106.9,99.4,100.1,96.4,106.6,115,111.4,118.9,108.5,111.5,113.8,114.7,119.5,138.1,130.5,125.2,108.3,103.3,105.3,112,104.5,110.7,101.9,108.9,93.4,84.1,90.1,90.1,105.2,102.5,94.2,91.8,95
Республика Дагестан,75.6,76.2,81,128.7,128.9,131.8,140.5,109.6,126.1,99.1,78.3,72.9,149.7,150.1,128.7,144.1,77.1,97.2,102.8,133.2,109.4,107.2,108.2,136.8,91.5,118.5,147.7,64.8,170.9,103,113.9,108.6,80.3,127.7,93.3,74.4,108.5,95.8,79,133.4,74.4,129.8,70.6,104.3,91.1,80.9,99,93.6,120.1,112.5,82.7,111.5,99.7,114.7,126.2,72.2,117.3,99.4,113.4,144,106.6,133.6,141.6,114.2,116.1,118.2,96.6,115.1,117.6,90.5,97,99.5,112.9,131.1,127.6,114.3,109.3,77.4,101.6,99.5,125.1,157.6,108.4,80.8,141.5,107.6,122.4,111.5,104.5,137.3,114.1,120.2,79.9,79.1,110.8,120.2,80,88,77.5,118.3,129.4,117.9,175.8,114.1,118.3,147,156.2,163.3,209.6,221.4,179.1,98.7,95.4,100.1,75.3,102.4,91,71.3,79.7,77,61.8,64,69.1,110.1,114.1,104.7,103.7,100.5
Республика Ингушетия,100.5,101.2,103.2,106.1,113.4,129.2,127.1,110.5,106.8,94.8,104.1,133.1,105.5,107.4,116.4,88.1,118,108,112.2,111.6,109.8,117.2,102.9,88.6,100.4,96.5,105,95.6,112.2,113.5,116.3,124.8,109.6,126.7,120.8,102.7,120.1,113.2,106.3,113.7,109.4,119.3,113.2,104.1,103.8,111.7,101.7,116.3,110.9,95.5,100.6,110,108.6,94.9,117,102.6,120.7,82,117,145.1,135.1,125.1,122.6,105.8,111.2,99.1,93.1,100.9,58.5,93,89.2,75.7,88.3,90.7,96.6,105.3,102.6,106.5,117.3,100.7,101,108.7,108.8,127.8,114.1,113.1,112.6,103,113.5,105.8,99.3,104.7,105.9,109.4,103.1,85.9,107,113.1,111.8,109.6,118.1,117.7,117.4,116.5,123.3,116.4,121.2,141,109.5,110.9,114.2,121.7,115.9,115.9,120.9,124.9,111.7,108.1,102.3,87.9,106,106.5,110.6,109.2,109.9,102.6,105,101
Кабардино-Балкарская Республика,106.9,92.7,133.1,163.6,117.3,129.4,124.8,128.4,112.1,93.5,103.7,113,126.6,94.4,80.6,67.6,58.2,68.6,75.6,82.2,66.1,85,87.6,59.4,78.4,78.4,84.1,84.2,116.7,113.2,90.2,85.8,122.6,102,111.4,137.5,85.4,96,90.9,89.9,80.6,99.5,85.8,94.2,77.4,63.5,58.2,62.5,98,94.2,86.9,85.1,85.7,82.9,91.7,109.7,112.4,133.3,108.4,86,103.6,128.4,134.8,155.7,129.6,129.4,125.2,102.3,102.2,81.8,104.4,111.6,98.9,102,95,76.7,93.2,91.5,97,102.3,88.7,112.6,160.3,167.5,105.7,99.9,108.5,104.7,94.1,114.9,125,114.7,132,130,84.4,77.5,99.5,102,102.1,102.5,111.1,92.5,85.9,97,85.8,82.8,89.5,189.6,186.4,137,195.6,118.7,103.4,114.8,110.2,102.8,126.6,147.8,133.2,67.1,113.6,115.9,92.4,116,119.7,96.5,106.9,118.7
Карачаево-Черкесская Республика,102.4,100.4,95.3,100.2,111.3,109.1,111.5,105.2,113.4,107.1,103.7,99.1,90.3,93.4,105.6,100.3,129.8,88.7,91.9,98.7,99.4,99.3,96.1,100.1,117.7,111.3,104.1,99.3,75.8,116.8,115.3,115.8,162.5,109.7,109.7,93,97,90.7,92.6,102.3,102,96,93.3,87.3,56.6,93.8,96.7,107.9,101.4,108.2,108.8,105.4,102.5,106.7,110.4,111.7,119.5,114.3,109.1,101,101.9,91.9,95.4,93,83.2,88.8,86.7,79.2,79.6,82.6,88.7,94.7,84.5,96.5,101,98.2,111.6,94.9,103.2,129.3,130.6,124.7,134.3,115.3,119.8,132.6,105.3,101.4,98.8,111.9,104.4,96,95.7,95.2,87.4,109.9,112,99.1,127.3,121,122.5,112.9,111.9,113,114.8,115.5,114.8,109.7,101.5,102.3,91.2,104,105.3,103.8,112.5,104.3,98.4,102.7,93.6,98.8,98.3,109,98.6,117.4,95.6,98.4,91.8,94.7
Республика Северная Осетия - Алания,114.6,72.8,64.9,61.4,81.8,126.2,164,77.6,83.3,94.4,98.3,100.6,84.8,140.6,111,108.2,105,110.8,97.1,93.2,84.9,114.1,117.5,51.7,104.2,73.2,98.6,98.9,87,81,77.9,170,84.6,85.2,78.2,46.1,108.5,111.2,107.4,117.6,98.5,112.5,114,61.6,97.8,93,89.1,69.9,89.2,85.1,94.6,80.4,74.3,85.1,87.3,78,89.5,112.7,121.8,117.2,106.6,108.8,118.1,124.4,128.5,155.9,134,169.9,177.5,97.8,106,105.1,120.4,111.5,112.9,121.5,124,113.9,102.1,98.9,84.1,146.7,134.1,127.5,119.1,123.6,109.3,109.7,102.9,101.1,118.2,104,113.8,100.5,114.3,114.2,126,123.6,130.3,115.4,132.7,135.6,108.9,112.3,130.6,116.8,119.8,131.7,126.5,127,133.2,124.9,103.7,93.3,115.4,113.8,102.9,83.6,79.3,75.5,74.7,69.2,67.1,63.1,87.2,83.1,92.4,82.6
Чеченская Республика,100.2,101,100,101.6,100.8,99.3,100.5,99.2,99.6,100.4,101.3,101.8,98.2,99.6,97.6,98.2,100.1,98.8,100.9,100.5,99.4,101.3,100.1,101.7,99.7,100.7,101.6,98,99.9,98.4,101.3,100.9,98.7,100.4,100.4,100.1,102,102.9,101.6,100,102.5,99.4,99.1,100.4,98.7,99.1,100.8,102.8,100,101.4,106.1,107.1,98.1,103.4,106.8,111.3,110.1,110.9,109.3,109.7,107.5,106.6,107.3,111.3,110.5,111.4,104.4,111.1,99,99.6,109.7,117.1,107.5,103.5,99.2,100.4,90.4,95.2,97.6,93.5,96.7,106.2,115.4,112.9,108.8,104.5,115.2,118.7,110,118.2,112,109.4,130.7,111.9,116.7,115.8,104.6,103.8,102.8,106.7,109,106.2,103.7,106.8,102.3,103.6,102.1,103.6,111.6,113.8,115.6,103.2,110.4,112.5,118.1,107.2,105.8,103.1,104.3,106.2,105.5,106.3,100.7,103,105.6,105.3,99,99.1
Ставропольский край,95.1,95.8,112.1,111.8,115.8,112,106.7,106.7,112.3,108.5,102,97.4,101.2,102.9,101.2,101.6,97.6,106.5,107.7,108.6,111.1,106.2,114.9,113.4,114.8,110.6,112.1,104.2,114.3,102.2,99,102.6,89.2,86,87,92.7,96.9,93.6,92.8,95.8,92.1,94.9,100.6,94.1,102.4,106.6,100.9,98.2,93.4,96.6,96.4,103.5,99.6,102.5,100.1,96.8,90.6,94.6,104.5,101.7,102.3,108.7,103.5,98.6,103.4,100.9,101.4,98,119.8,113.5,103.5,104.7,108.1,110.1,117.3,116,104.2,117.4,118.6,124.9,113.9,109.1,107.5,115.5,106.2,106.5,110,101.5,105.7,99.1,92.3,108,93.2,102.1,106,107.7,101.5,100.5,95.5,101.2,110.4,111.6,115.7,108.3,115.6,110,107.7,100.9,130.5,114.1,109.5,110.1,102.7,104.2,125.7,102.3,117.8,111.3,126.3,105.3,81.4,95.3,95.4,105.1,97,87.1,83.6,89.1
Приволжский федеральный округ,101.2,100.2,101.2,101.5,99.2,100.9,99.9,100.2,99.9,99.7,98.8,99.9,99.6,102.4,99.4,97.7,98.6,99.7,98.6,102.5,102.1,102.7,105.7,102.3,104.7,98.3,103.9,102.1,103.4,104.1,104,102,100.6,101.3,100.5,103,100.4,100.8,98.8,101.6,101.3,102,101.5,102.7,102.5,98.3,103.2,103.7,100.7,103.3,103.2,104.5,102.7,102.6,104.7,103.2,102.8,106.8,100,99.6,102.4,104.2,102.2,94.6,91.9,94.7,93.9,94.9,99.2,94.5,100.6,102.2,99.4,97.9,103.7,112.7,112.7,110.5,107.1,105.1,105.7,108.7,108.2,107.7,110.2,108.1,102.5,94.6,98.2,99.8,102.3,103.1,100.1,101.5,100.5,102.8,99.6,100,104.4,110.4,113.6,110.7,111.3,109.8,109.6,109.1,109.6,106.9,107.9,113.6,107.8,108.4,107.2,104.6,106.2,104.3,107.7,108.3,105.4,105.5,102.3,101.6,101.8,102,101.1,102.3,104.4,100.7
Республика Башкортостан,100.8,98,100.4,93.3,94.5,93.4,96.7,100.7,100.5,100.5,101.7,99.4,97,98.6,100,98.7,96.8,102,97.2,100.3,99.7,100.6,101,103.1,108.1,96.4,98.4,105.2,112.2,104.1,106.2,101.8,104,108.3,106.2,102.5,101.6,99.1,98.7,99.4,97.8,111.2,101,110,97.7,88.5,96.9,107.4,103.7,111.6,104.9,111.1,108.7,110.4,105.9,102,110.3,114.5,102.5,96.8,102.4,103,102.4,96.9,103.1,99.1,90.4,87.5,90.2,100.1,97.3,103.8,94.8,96.5,100.8,106.1,100,105.5,111.1,109.6,103.3,102.6,111.9,110.9,115.4,108.2,102.7,95.6,99.5,101.9,103.7,100.6,107,101.4,101.8,107.1,95.6,97.1,104.4,111,117,112.9,107.9,110.8,111.8,114.4,112.2,108,112.5,117.7,111.3,110.3,107.3,97.7,103.7,103.9,104.6,102.1,104.4,115.9,91.9,103.4,99.3,99.3,92.1,96,93.8,97.2
Республика Марий Эл,123.5,132.4,119.2,141.6,111.3,119.3,109.8,98.1,86,67.8,106.4,98.5,91,83.1,113.2,78.2,92.8,89.8,99.9,103.7,107.5,97.3,101.5,88.9,118,103.8,107.2,114.7,106.9,167,91.6,106.9,95.8,102.1,112.6,75.8,96.7,102,93.6,91.6,111.6,65.2,105.2,105.3,103.9,112.6,86.6,101.4,83.4,102.1,93.3,108.9,115,105.7,135.8,111.1,98.8,102.9,114.6,122.8,106.4,90.6,106.9,80,74.6,106.8,73.7,62.5,144.4,113.7,114.5,118.5,96.2,102.4,137.7,114.3,115.6,84.7,100.2,93.8,82.4,102,95.7,86.3,104.1,95.8,72.7,108.4,93.3,97.7,84.3,89.8,86.7,84.3,129.3,107.2,101.6,99.3,111.7,91.8,117.6,145.8,161.4,129.9,118.9,135.7,90.8,105.1,115.3,129.1,109.6,120.3,105.5,76.5,89.1,104.9,104.3,134.2,115.9,113.1,99.2,92.4,96.4,109,96.5,96.1,121,93.2
Республика Мордовия,91.7,89.8,95,95,99.5,108.6,97.8,101.4,102.8,103.9,101.4,108.4,97.6,102,99.1,99.8,100.7,94.4,105.1,105,99.9,104.1,105.9,111,108.7,114.2,117.4,114.8,112.3,108.2,104.9,111.3,105.2,109.7,108.5,103,117.9,114.8,109.8,108,109.1,109.1,104.9,102.9,100.5,101.5,106.4,106.3,98.2,98.6,97,104.9,101.9,100.7,102.8,100.3,111.5,112,112,106.6,113.3,107.9,109.5,104.1,98.6,106.3,109.5,103,100.2,100.1,101.5,116.8,111.3,106,107.2,113.7,110.4,105.5,111.9,115.4,110.2,110.1,119.6,115,102.2,108.8,112.2,101.9,102.8,101.4,99.7,100.5,102.3,98.1,91.1,82.4,97.4,96.5,102.1,103.8,115.4,118.9,111.1,107.1,112,115.7,115.7,115.9,116.2,115.8,100.9,114.7,115.5,104.3,108.9,106,106,101.6,99,108.4,109.7,100.2,103.6,102.1,92.1,104.4,101.4,107.1
Республика Татарстан,101.1,101.2,103.1,100.8,97.9,103.4,100.1,101.3,103.8,102.9,103.2,104.2,100.4,106.6,101.7,100.2,103.4,100.2,96.5,105,108.5,109.6,104.1,107,109.8,100,105.5,100.4,97.6,104.7,109,100.6,95.5,97.5,100.2,98.9,99.5,102,101.1,104.8,104.9,104.1,104.5,103.6,108.6,94.8,101.6,102.5,100.2,101.4,102.9,103.2,106,101,100.8,104,96.3,110.5,102.4,102,105.8,108.9,104.4,96.1,88.8,94.5,96.4,94.5,95.7,83.9,95.3,97.2,99.1,93.9,100.8,113.6,116.1,107.5,96.3,107.5,112.9,124.2,118.6,115.7,115.3,114.5,109.9,99.3,105.4,108.4,120.6,105.3,102.7,104.7,100.5,101.1,99.7,102.2,99.4,105.7,107.7,105.6,103.5,103.8,99.5,99.3,104.3,103.9,100.7,103.5,103.8,106.5,100.6,102.6,102.2,104.3,116.9,115.2,106.9,111.1,109.3,111.9,109.4,105.2,116.6,109.2,117.2,109.6
Удмуртская Республика,101.7,98.1,110.8,105.3,101.4,102.4,106.7,104.3,97.3,95.6,104.2,110.4,116.6,114.4,94.3,99.6,112,101.4,100.8,103.7,97.3,119.8,115.3,96.7,81.9,90.2,99.7,107.2,101.8,107.1,105.9,101.7,101.5,89.3,95.2,96.5,101.5,92.3,96.7,99.3,94.9,94.2,93.1,107,103.7,113.3,118.4,107.9,102.6,104.9,105.6,100.7,95.7,108.3,103.3,95.3,106.3,104.4,91.7,101.8,103.2,101.5,100.1,98.2,95.2,91.5,94.2,94.9,92.7,96.6,81.6,93.7,94.2,91.1,103.5,116.6,109.4,107.6,104.2,104.1,115.5,108,138.3,118.5,110.3,107.2,101.6,92,109.2,106.6,108,110.9,104.2,100.9,93.7,105.5,106,110.1,116.8,112.1,111,111.7,121,114.4,113,115.3,111.4,118.4,105.8,113.6,106.5,117.7,124,123.6,108.5,109.5,116.6,110.9,128,104,112.6,108.8,110.9,105.3,101.3,104.2,116.2,107.9
Чувашская Республика,84.5,92,99.8,89.4,87.1,99.5,96.2,96.5,97.3,99.1,94.3,91.4,102.7,97.8,109.5,107.3,110.9,108.3,105.8,108,105.5,91.8,110.4,98.7,101.3,105.2,97.5,103.8,114.3,99.9,101.9,112,90,110.5,102.7,107.3,114.5,101.8,103.1,98.3,96.2,103.5,111.7,97,99.8,106.7,106.1,102.5,88.5,94.6,101.6,99.3,99.6,104.9,116.7,103.9,114.3,112.5,111.7,108.1,107,113.8,102.6,85.7,90.8,94.7,89,100.7,106.8,98.6,96.2,94.1,94.2,96.6,103.6,111.3,104,94.2,104.5,98.2,96.3,90.3,96.6,99.3,114,102.9,103.6,99.3,99.3,98.8,102.8,98.3,100.2,109.2,103.7,97.8,114.5,112.5,114.7,122.7,135.5,138,145.5,149.3,135,132.7,139.7,132.1,123.6,129.7,112.1,131.7,130.3,114.1,111.9,101.8,109.7,113.9,102.1,102.7,99.3,111.8,115.2,100.8,90.5,104.2,103.1,103.2
Пермский край,103,99.2,97.1,100.3,98.2,95.7,100.8,101.6,101.8,100,99.7,94.8,95.7,102.2,102.4,98.2,101.4,103,96.7,97.3,94,98.6,100.6,101.9,102.7,98.5,102.3,99.2,99.8,102.7,101.6,101.9,106.8,102,99.7,103.4,101.3,98.6,98,103.1,101.9,97.9,100.4,96.9,97.1,100,102.5,102,98.5,99.1,101.6,97.4,98.4,96.3,99.4,101.2,99.7,101,98.7,92.9,97.5,102.4,102.7,100.6,92.4,93.2,91.7,95,98.3,92.9,99.7,103,101.4,98.5,97.1,100.5,105.6,109.9,107,105.8,103.7,110.8,104,107.3,105.5,104.3,100.5,93.8,99.6,97.3,97.7,99.6,96.6,96.8,95.7,95.3,97.4,96.8,101.6,107.6,106.4,106.5,108.5,104.8,111.3,111,109.3,109,111.1,116,116.4,114.6,113.2,111.3,108.2,107.3,102.1,103.6,104,101.4,100,95.7,94.3,97.3,96.6,95.7,99,101.2
Кировская область,107.4,105.2,104,100.6,100.5,100.8,103.7,95.6,96.1,98.8,86.1,104.2,100.1,102.6,103.9,100.1,107.3,104.4,103.5,105.2,104.8,105.1,108,102.7,104.7,99.5,104.1,100.1,102.6,103.7,100.7,106.7,98.7,96.2,96.8,99.7,100.1,103.9,102.6,104.5,105.4,104.9,101.6,101.7,99.2,107.6,106.9,102,99.5,98.3,100.8,105.5,95.5,103.9,102.6,101,106.2,104.8,99.9,97.3,98.3,107.7,99.1,94.3,89.8,107.3,105.7,103.9,122.4,102.3,94.7,126,108.9,103.4,119.3,126.4,115.4,104.6,112.1,109.2,93.4,153.4,114.7,111.6,108.9,110.3,101.6,114.1,104.5,103.6,95.5,107.2,110.2,77.2,119.2,99.4,102.3,100.2,118.3,97.4,116.2,119,126,119.3,106.3,110,102.6,114.1,131.4,138.3,111.8,113.3,126.4,106.7,130.7,116.7,117.4,116.3,99.9,105.1,95.1,97.2,96.1,99.4,98,104.8,97.5,95.2
Нижегородская область,105,95.3,97.4,104.3,106,109.8,101.8,109.8,102.2,110.1,100.3,102.7,101.6,103.6,103.4,101.6,94.2,107.3,109.5,104.6,104.6,103.9,100.5,96,108.8,100.3,106.9,103.4,119.3,100.3,97.9,100.4,105,100.9,102.1,113.2,103,109.1,103.2,102.6,104.3,103.1,99.6,108.2,102,91.9,101.1,101.6,93.7,104.7,101.7,109,105.5,107.2,118.6,100.8,113.3,111.6,98.3,93.4,102.4,99.9,101.9,78.4,84,87.1,87.9,94,102.3,96.1,104.3,108.6,92.9,99.7,106.9,139.1,126,130.6,119.9,117.9,109.6,104.8,108.2,114.1,120.1,116.6,108.2,101.8,98.6,88.4,94.9,101.4,94.9,99.2,96,104.5,105.6,99.6,104.8,107.7,116.3,116.9,118.3,115.5,119.8,116.8,114.5,107.1,106,112.8,101.5,104.1,100.9,106.3,107.7,105.5,103.8,111.5,104.5,97.5,107.4,96.2,106,108.3,100.2,94.1,95.1,94.6
Оренбургская область,94.5,97,94.1,97.1,96.9,97,97.2,96.2,90.1,92.7,94.5,90.1,93.9,99.2,92,94.4,93.2,95.5,94,95.2,95.4,95,98.5,100,101.4,97.7,104.8,101.9,102.1,99.1,99.6,100.3,100.4,100.8,100.3,101.9,97.6,100.4,96.8,99,100.1,102,104.7,101.4,103,103.5,107,104.3,109.1,101.6,103.9,106.3,103.5,104.6,101.2,106.7,103.2,103.9,98.6,100.6,101.7,107.2,103.9,101.2,92.7,95.2,85.6,94.4,98.3,97.7,103,100.2,98.7,90.7,96.3,97.7,110.4,108.1,114.2,95.5,97.4,96.7,95.6,96.7,97.4,102.7,96.5,82.6,88.2,97,96.8,100.5,100.8,99.4,100.6,105.7,100,99.8,102.6,120.8,113.8,102.2,103.6,101.7,99.9,104.7,100,98.6,98.4,103.3,103.7,90.9,99.1,95.1,95.8,96.4,98.7,92.7,94.7,97.5,99.2,98,96.1,104.2,97.2,103.5,100.1,100.6
Пензенская область,108.3,112.6,120.1,109.1,111.1,116.7,112.3,102.3,114.3,102,111.8,102.4,104.2,114.8,103.2,107.7,95.2,102.5,89.3,116.5,107.2,100.5,104,111.7,107.5,102.4,116,104.5,122.7,114.6,114.1,112.8,105.5,105,101.9,109.7,102.9,94.4,95.3,97.5,98,98.6,99.5,99.2,98.9,102.3,128.8,125.5,104.6,105.9,118.3,111.3,109,115,117.2,103.1,112,98.6,100.8,133.5,115.7,117.1,104.1,102.8,133.7,108.3,108.1,133,123.9,112.9,128.1,117.5,120.3,136.3,148.9,152.1,113.9,127.2,117,100.4,105.8,112.8,108.8,88.7,103,97.8,98.1,92.3,93.5,93.7,94.1,102.4,108,102.1,100.3,127.8,110.8,106.4,112.9,113.1,110.7,115.2,118.1,121.1,116.2,113.1,122.5,95.4,122.4,121.5,112,111.5,115.6,112.7,112.3,99.4,99.3,116.3,111.3,98.8,100.7,105.1,103.1,101.3,100.2,100.8,106.1,102.3
Самарская область,102.1,102.8,103.6,105.3,100.4,98.7,96.8,96.4,98.2,100.3,97.7,97.1,96.3,100,98.1,95.7,103.1,96.6,97.6,103.9,102.1,99.5,102.5,102.8,103.1,100.9,102.8,100.5,97.2,101.4,101.7,101.5,100,104.3,101.7,106.7,100.2,95.8,94.6,96.9,98.8,103.6,101.2,100.2,103.1,102.1,102.2,100.4,101.2,104.9,103.3,108.8,98.3,98.9,104.3,106.6,101.4,104.4,99.4,99.2,99.8,102.3,99.5,87,87.7,91.6,96.6,98.5,98.2,94.7,103.4,97.5,101.3,98,104.5,115.6,120.1,107.8,108.2,94.8,100.4,97,94.8,105.6,102.1,104.1,94.2,85.6,83.7,95.5,92.1,104.2,96.1,104.5,98.8,100.5,96.6,97.1,110.6,116.9,130.4,110.6,111.5,114,115.2,111.2,117,109,109.9,115.6,107.4,109.8,104.9,112,110,98.4,103.6,105.5,99.6,98.4,99,95.3,95.8,100.4,95,90.8,95.3,91.3
Саратовская область,105.4,106.4,96.9,107.7,100.7,107.5,99.4,97.7,99.3,93.1,84.8,108,117.8,97.1,93,89,75.4,90,104.6,107.4,112.2,101.6,136.1,105.9,113.2,89.2,107.8,99.4,105.9,105,109.3,105.6,101.4,103.3,100,100.6,94.2,113.9,97.5,109.6,102,106.9,95,96.7,99,95.4,98.2,102,103.8,107.3,100.7,95.6,95.3,93.2,106.7,101.3,100.7,104.1,98.2,98.2,100.9,94.7,100.1,113.3,98.2,102.5,111.8,105.8,114.6,115.1,113.9,113.8,103.6,113.5,112.4,106.5,118.1,115.1,98,107.4,99.9,105.7,107.9,99.5,128.9,101.5,107.4,100.8,110.1,104.4,100.2,116.2,102.1,104.2,115,118.1,95.7,101.8,98.5,117.2,100.1,117.6,117.6,104.1,106.4,105,100.3,96.1,116.6,134.6,112.1,103,114,91.4,106.5,100.7,106.9,106.6,101.1,113.5,97,88.5,93.7,87.4,89.2,135.6,126.9,93
Ульяновская область,104.5,101.2,116.9,114,115.2,103.7,100.1,84.9,104.3,102,80.3,99.2,84.8,93.6,94.2,90.3,96.7,92.7,98.1,107.3,98.2,88.6,155.8,93.9,114.1,91.6,101.2,104.9,107.1,121,102.6,99.2,88.8,115.9,84.9,117.4,98.9,99.2,97.4,102.3,95.6,112.8,103.6,104.2,107.1,95.3,98.5,105.4,99.3,108.1,116.6,104.4,109.8,100.1,100.8,112.6,91.7,99.5,94.6,96.3,94.9,99.3,86.1,75.4,73.1,88.4,105.7,85.6,100.7,94.7,129.3,101.8,113.2,109.5,111.8,125.6,117.1,132.5,122.8,114.4,128.7,105.4,92.7,93.3,105.7,108.3,93.8,75.7,74.2,85.6,83.3,86.5,78.4,136.2,113.8,93.7,95.6,88.6,98.2,117.2,137.3,116.8,135.2,139.1,131.9,104.7,125.3,114.5,120.9,127.9,120.6,115.1,108.2,106.8,132.5,137.1,122.8,122,124.6,116.9,107.7,102,108.2,108.8,121.2,128.7,98.1,93.2
Уральский федеральный округ,100.1,99.7,99.2,101,97.4,98.6,98.8,97.9,97.9,98.9,98.9,96.4,101.2,104.8,102.2,98.3,100.1,97.6,100,100.6,101.3,99.2,104.1,101.6,100.7,100.6,104.3,108.2,105.5,107.6,105.4,107.3,104.5,101.4,99.9,101.6,105.1,102.4,102.9,101.4,101.8,101.1,102.4,101.4,103,106.8,106.4,106,108.1,100.5,103.3,107.3,106,104,105,107.2,102.4,108,110,106.8,102.9,106.5,101.4,101.3,91.6,90.1,92.7,94.9,97.5,95.7,98.3,99.1,96.5,94,100.2,101.7,111.7,114.1,111.4,101.4,105.2,106.5,106.1,106.8,106,106.2,103.9,95.3,99.4,98,97,102.2,99.1,98.2,98.9,98.8,98,99.7,99.6,106.8,102.8,102.3,102.2,103.1,101.5,103.4,101.1,101.7,99.9,102.7,102,101.5,102.2,99.4,101.2,102,100.3,99.8,100.7,102.3,98.7,96.1,98.1,99.5,97.8,100.4,99.3,98.2
Курганская область,103.7,106.3,100.8,113.7,111.4,117.1,99.3,93,87,85.7,97.3,108.7,83.6,115.4,87.4,110.3,115.2,97.3,108.8,110.2,101.7,102.7,97.1,91.4,111.1,109,93.8,100.4,95.3,106,94.2,91.8,101.9,97.1,108.7,94.3,107.1,110.2,103.1,103.8,111.6,98.6,92.9,100.9,95.7,95,98.9,97.4,97.2,98.7,97.6,90.2,83.8,112.8,124.3,112.8,115.8,124.1,98,106.4,101.5,102.6,99.4,108.1,91.8,88.2,89.3,99.7,89.4,88.7,101.1,113.2,111.2,101.5,112.1,115.4,107.9,107.7,99.7,93.9,105.4,100.5,107.4,97.6,105.5,108.3,100.4,96.1,114.1,101,97,110.1,117.9,99.2,103.5,113.6,97.7,102.2,107.7,97,116.5,124.2,132,130.8,117.1,136.5,121.9,127.2,154.7,136.3,143.6,148.2,135.8,128,133.5,125.1,121,109,113.2,103.2,122.4,119.9,112.4,122.8,113.7,134.2,126.8,122.4
Свердловская область,96.3,103,95,101.5,97.3,100.9,94.9,93.4,96.1,100.4,97.2,98.5,112.8,103.6,102.3,92.8,94.4,93.2,101.4,98.8,101.9,95,111.2,101.8,93.7,100.3,111.3,121.9,111.2,112.4,104.8,115.9,109.8,105.5,99.2,97.6,106.8,102.9,98.4,93,100.1,96.5,99.2,96,94.5,107.7,107,101.9,98.4,101.2,107.5,102.7,110.6,104.5,109,100.9,107.4,100.7,99.4,97.2,105.5,113.2,100.6,99.9,107.5,100,96.2,92.2,103.5,90.4,103.9,112.3,97.4,93.5,110.2,106.5,94.3,99.9,110.2,105,101.6,105,95,99.7,105.9,99.8,97.7,96,94.4,98,91.8,109.3,98.6,99.7,103.2,105.3,100.4,114.2,108.4,113.5,125.5,120,123.3,111.5,114.5,110.7,108.5,98,100.9,100.9,101.1,105.7,104.2,96.7,105.7,104.5,100.4,107.2,113,122.2,108.8,102.4,104,101.6,93.4,103.9,91.4,88.8
Тюменская область,98.3,98.2,99.5,100,98.2,98.8,102.4,101.2,101,100.6,101.3,95.6,100,106.5,105.3,101.2,100.3,99.6,100.3,101.6,101.7,100.9,101.9,103,102.1,101.3,102.6,105.2,105,104.9,105,103.8,102.2,99.3,98.2,99.9,102.4,101.9,105.6,105.4,102.3,104.2,105.7,105.8,109.2,108.6,108.7,107.9,110.4,100.5,103.4,108.7,106.3,104.1,104.4,108.2,101.4,108.8,112.1,109.4,103.1,106.6,101.9,102.2,89.6,87.8,91.7,94.5,96,95.8,96.8,96.1,95.3,92.7,97.9,99.5,114.5,117.2,112,100.6,106.3,107.6,108.7,109.4,106.7,107.3,105.2,95.1,100.2,98.9,98.5,101.9,98.1,97.7,97.8,97.2,97.1,97.6,97.1,105.6,98.2,97.4,97.2,99.9,99.4,101.3,99.6,99.8,98.8,102.4,101.7,100.1,101.5,99.4,100.4,102.5,100,98.6,98.2,99.2,97.3,94.7,97.3,98.9,99.1,100.2,100.9,99.3
в том числе: Ханты-Мансийский авт. округ - Югра,97.1,97.6,97.9,98,97.3,97,98.1,97.6,97.1,97,97.3,97.8,97.8,106.8,106.9,100.3,99.8,98.8,98.8,99.7,98.7,99.2,99.6,99.9,99.1,96.7,100.8,102.2,99.7,99.9,99.8,99.6,98.9,98.3,98.8,98.5,99.4,99.3,99.2,98.8,98.9,98.9,100.2,100.5,100.7,101.1,101,101.3,99.5,102.3,100.3,100.3,99.8,100.3,98.8,104.6,103.1,104.1,105.6,104.2,100.3,104,100.7,99.7,82.7,82.2,86.9,88,88.5,88.7,88.4,89,88.5,86.5,90.2,93.5,113.7,114.8,110.3,98.9,106.2,107.9,110.5,110.6,109.4,111.4,107.7,95.6,101.2,102.5,103.7,106.9,102.1,99.8,98.8,99.3,98,96.5,96.4,107.1,99.2,97.8,94.7,97.7,97.2,100.6,99.7,97.9,95,99,99.9,97,97.1,95.9,96.9,97.1,97.5,94.7,92.6,95.6,93.7,93.4,94.7,96.6,98.1,98,100.3,100.2
Ямало-Ненецкий авт. округ,97.3,97.3,101,102.6,98.3,100.9,113.2,108.2,109.5,110.1,110.3,105.6,104.7,105.7,102.1,103.9,101.1,102.4,104.8,109.2,111.9,106.3,106.9,105.8,108.4,112.2,106.3,117.2,119.4,121.2,121.8,114.8,110,102.1,97.5,100.9,107.1,106.3,121.4,116.9,108.3,114.5,115.7,116.3,126.7,123.6,124,120.2,129.4,99.9,106.7,126.2,116.8,111.1,111.9,112,99,110.3,115.9,113.5,103.4,106.4,99.6,102.4,91.3,90.1,91.9,98.9,102.1,103.3,105.4,103.2,103,101.5,108.3,106.5,119.6,118.4,115.3,101.3,107,108.8,108.7,108.7,104.1,103.8,104.2,99.9,99.4,95.4,95.1,97.9,94.9,95,95.9,94.9,95.8,97.6,94.7,96.6,92.8,93.2,96,100.2,98.9,99.6,98,101.5,102.8,105.9,104.1,103.5,107,107.1,106.4,109.5,103.9,104.6,106.8,104.3,101.5,96,100.7,103.9,102.8,102.3,99.6,98.5
Тюменская область без авт. округов,118.6,109.7,112.3,112.4,107.7,110.6,115.7,116.9,111.9,102.9,108.2,94.6,105.8,106.4,101.8,101,103.6,97.2,101.1,95.4,96.1,96.7,102.4,111.6,104.3,102.5,107.1,98.7,105.2,100.2,101.4,104.5,103.6,97.4,95.9,103,107.5,103.6,102.7,115.1,107.1,110.2,114.3,110.6,114.1,114.5,113,111,101.2,97.9,103.9,96.2,94.4,89,99.9,109.9,106.3,132.6,130.6,124.3,117.5,121.5,117.3,116,126.9,113,117.1,113.5,112.8,104.7,107.4,104.7,102.3,93.3,101.2,105.1,101.3,123.9,108.9,105,104.1,102.7,101.4,106.5,103.9,102.5,97.8,76.5,98.6,94.8,88.2,94.3,92.2,97.7,100.2,96.3,97.6,102.5,108.9,137,114.3,109.7,112.7,108.6,110.3,110.4,104.3,102.5,102.6,105.2,101.8,102.2,102.7,92,97.4,103.4,98.3,96.1,93.8,97.2,98,95.3,96.4,92.6,91.1,102.9,107.5,98.5
Челябинская область,112,98.6,103.7,100.8,93.3,91.9,94.6,96,94.1,94.5,94.7,95.9,92.7,99.6,95.3,96.2,105.5,98.7,96,99.2,99.3,100,101.6,96,105.4,97.9,102,100.3,100.8,109.3,108.4,108.3,103.8,102.9,105.6,107.4,112.4,103.6,100.9,102.1,101.8,99.6,98,96.6,98.5,100.6,99.7,100.6,93,100.4,96.5,98,99.8,101.6,103.9,104.6,107.2,106.9,102.9,97.9,97.4,96.8,97,93.4,89.7,97.9,97,100.9,103.9,102.4,103.8,105.5,108.1,107.7,107.5,115.9,115.1,110.7,110,104.7,100.8,99.6,100.3,98.2,99.9,103.8,101.8,96.8,97,90.6,90.4,95.5,107.2,101.2,102.3,100.7,104.5,100.7,110.1,110.3,115.5,119.5,117.5,115.7,100.9,107.9,101.9,120.4,103.1,104.1,101.7,102.9,101.8,100.3,97.7,92.4,100.7,97.9,102.1,97.9,96.6,96.6,95,97.5,91.6,93.1,94.9,99
Сибирский федеральный округ,102.1,100.5,101.3,99.5,97,99.8,101,101.7,100.1,97.8,100.2,99.6,101.1,101.2,100.7,102.4,101.7,101.4,98.8,104.5,101,103.7,103.5,106.3,102.5,103.3,107.1,103.2,104.7,105.1,104,101,104.3,101.8,99.7,99.1,100.7,102,101.4,104.9,106.2,102.7,105.3,104.7,101.9,103.8,104.2,102.2,104.8,102,102.5,100.4,100.4,101.2,101,101.6,101.6,102,101,102.7,97.8,100.2,96.9,96.9,92,94,95.5,95,96.3,94.5,95.3,97.7,97.9,97.2,98.9,98.4,100.9,104.5,103.1,105.7,107.1,105.8,107.9,107.1,106.4,105,105.7,103.1,102.7,99.6,100.1,97.7,97.7,101.5,98.6,98,95.4,97.6,102.2,103.2,104.5,102.3,101.8,98.1,102.4,102.5,100.3,98.3,102.9,105.8,99.4,103,101.9,98.8,101.2,105.2,100.1,102.4,101,105.3,97.6,97.5,97.9,95.9,96.5,99.6,99,96.1
Республика Алтай,101.7,105.1,103.5,101.5,95.6,94.3,88.5,95.8,101.1,98.1,100.4,106.4,92.8,82.3,81.7,82.1,95.4,98.1,97.2,96.5,84.6,93.9,97.5,81.5,98.1,115.4,122.2,125.2,115.8,103.1,107.7,102.2,106.2,111.9,105.6,101.7,84.8,92,101.9,103.1,106.2,104.1,112,121.1,104.1,96.3,92.1,89.8,99.5,95.7,89.8,93,95.2,101.5,95.2,99.9,100.8,104.5,111.5,130.5,134.8,123.7,132,127.2,130.3,135.4,137.6,129.5,133.5,118.2,138.3,132.3,103.7,108.9,109.5,118.2,104.2,99.3,94.2,101.5,98.6,102.2,87.2,92.7,86.4,92.7,93.6,91,106.1,112.7,105,99.3,123.2,94.1,100.3,112.6,116.4,104.7,110.5,120.7,117.7,102,107.1,118.8,91.1,115.2,115.6,101.7,117.3,103.8,108.2,104.9,99.3,100.7,114.6,103,111.3,112.8,108.5,199.8,98.5,101.8,95,95.2,99.6,103.6,111.2,102.1
Республика Тыва,123.7,114.1,116.3,204.8,96.8,128.7,181.4,128,252.6,122.7,247.8,209.6,110.9,204.6,248.5,147.9,201.4,174.1,124.7,190.6,100.5,188.1,114.9,92.3,277.8,135.6,154.5,113.7,109.8,103.2,94.8,111.6,103.1,106.2,93.8,91.3,115.5,79.5,86.7,117.2,102.7,101.2,117.5,97.1,105.9,82.9,99.3,99.4,105.2,141.3,90.7,93.9,110.7,75.4,82,75.6,81,93.7,109.8,103.5,61.8,56.1,64.7,54,64,64.2,56.2,65.4,65.9,69.7,59,80.9,80.7,107.6,99.9,130.6,85.2,147.3,110.7,113.7,100.2,105.7,120.2,92.2,144.1,127,123.5,127.7,183.9,133.7,141.8,128.6,123.7,142.9,135.9,144.7,107.2,106.7,113.9,98.7,81.8,89.3,88.9,104.4,122,91.8,85.6,90.2,80.4,83.8,73.1,71.7,77.1,88.4,93,88.1,89.9,89.1,105.7,137.1,107.1,90.3,91.4,99.4,97.7,99.2,100.8,103.7
Республика Хакасия,95.9,93.8,89.6,94.1,101.1,90.3,83.9,89.3,85.7,96.3,95,87.9,93.7,95.9,99.1,102.1,99.1,110.7,110.9,124.9,126.5,110,103.6,100.4,110,109.2,103.9,99.1,107.4,96.1,92.8,83.8,97.6,98.5,98.2,99.6,92,101.7,100.8,112.7,99.2,106.7,104.6,125.4,114.1,110,109.9,114.3,119.8,105.2,116,105,103.7,99.6,116.5,107.5,101,101.6,105.7,103.5,101,107,96.1,102.3,116.1,116.2,105.5,93.7,105.2,107.2,99.9,102.2,104.3,102.7,115.1,106.4,102.5,107.5,116.2,108.8,102.1,104,106,105.2,100.5,97.2,97.5,91.8,86.9,83.4,84,91.2,85,91.4,95.5,102.7,90.6,96.1,92.2,99.4,111.7,116.3,107.8,107.8,115.7,111,110.8,105,112.2,108.3,110.7,103.9,99.8,99.8,84.6,77.7,90.8,102.6,102.8,103.1,99.7,101.2,97,102.7,106.6,103.8,121.2,109.3
Алтайский край,95.5,106.1,107.1,106.9,102.8,96.9,99.5,113.1,104.2,99.7,98.4,94.4,95.5,93.8,102.8,98.2,103.9,99.5,96.5,101.9,103.1,104,99.4,100.9,114.3,112.4,103.1,100.6,97.1,102.1,105.8,97,100.6,104.7,106.5,103.2,102.9,102,99.8,101.9,103.3,100.9,101.2,103.9,97,100.1,99.2,98.4,102.2,96.1,101.8,102.2,102.7,99.8,104.9,104.2,103,101.4,100.8,103.3,96.3,106.6,99.9,98.1,102.4,102.5,98.6,97.7,101.4,100.9,102.7,105.1,105.4,100.8,100.7,105.5,101.7,103.9,102.8,97.5,100.5,97.4,103.2,102.5,101,102,108.3,104.6,100.7,98,96.8,104.6,105.7,108.7,105.9,102.6,107.9,104.7,104.3,105.2,111.5,110.1,112.1,111.1,109,107.2,103.8,99.1,107,113.9,108.2,110.7,109.4,104.3,107.4,106.5,105.3,110.1,107.8,106.7,100,98.7,95.2,93.6,91.3,99.7,99.9,97.2
Красноярский край,98.8,98.4,101.1,96.5,95.1,99.5,97.7,96.9,95.2,95.3,97.9,99.4,103.7,98.4,96.3,98.2,95.8,96.6,91.6,98.4,96.2,100.9,103.4,105.2,93.5,101.8,107.8,103.1,106.5,106.4,108.2,106.1,109.3,107.4,101.3,97.3,105.5,106.1,105.7,109.7,112.2,104.7,110.4,107.9,103.3,104.8,105.1,102.8,105.9,103,103.9,100.3,97.5,103.8,102.3,102.4,100.1,101.6,98.2,100.9,94.9,94.5,89.8,92,89.1,85.6,92.1,92.5,92.3,91.4,91.7,95.5,94.2,92.7,85.8,88.2,89.3,102.4,97.3,101.5,108.7,100.6,108.4,106,104.6,105.6,117.9,110.4,110.6,101.1,106.3,97.4,95.3,104.8,98.1,94,92.5,94.4,103.5,100.8,103.8,102.3,97.9,91,100.4,101.2,93.6,95.5,99.2,105.1,91.8,102.9,99.9,95.7,98.6,107.3,100.7,102.7,95.9,102,93.2,97,99.6,93.8,96.5,100.9,101,98.4
Иркутская область,112.5,102.9,102.2,101.8,99.7,103.8,106,107,106,100.9,100.2,102.6,102.5,108.9,105.2,112.1,111.2,109,110.4,113.8,106.7,106.5,108.2,116.2,111.7,105.7,113.2,106.1,104.8,106.4,101.3,99.6,103,104.7,99.3,100.4,99.3,99.1,96.4,99.6,103.9,101,102.5,103.3,100.9,99.4,103.4,102.7,104.1,104.2,103.9,100.7,101.5,96.8,98.1,98.1,102.8,97.7,99.1,99.6,102.4,107.4,108.1,109.1,97.7,104.9,100.4,100.9,100.7,100.7,101.4,100.3,96.9,96.4,103.5,92.8,102.1,98.8,100.6,104,99.4,107.6,105.9,104.5,111.7,104.8,103.6,106.8,100.2,105.5,103.8,105,103.5,101.6,92.4,94.4,88.7,96.9,94.9,95.2,95.7,92.6,100.8,93,100.3,104.5,111,106.1,111.7,109.2,104.6,114.5,116.9,105,99.1,118.3,102.7,100.8,103.6,113.1,99,97.6,98.1,91.6,90.9,100.7,104.7,93.4
Кемеровская область,104.1,102,103.8,98.4,94.6,95.9,103.2,104.3,105.9,97.7,104.8,102.1,101,103.1,104.2,103.8,104.2,101.9,101.3,107.3,103.8,104.4,101.4,106.1,105.8,102,106.9,106.4,108.3,108.2,105.5,101.3,99.7,100.2,100.7,98,95.8,101,101.9,104.1,103.4,102.6,103.3,99.6,100.7,100,100.1,99.1,106.1,97.6,98.7,99,101.4,103.3,100.6,102.9,106,107.3,108.5,103.8,95.8,100.1,96.6,96.6,94.4,95.3,97.7,98.5,93.2,95.5,94.2,96.6,100.7,103.1,107.5,107.3,108.8,107.4,106,107.9,105.6,109,108,109.5,105.5,102.9,93.9,93.4,94.8,92.3,90.7,91.2,97.5,93,96.3,101.6,95,97.1,103.4,107.8,104.5,103.8,99,96.8,99.1,97.5,92.6,88,98.6,99.7,98.1,93.5,93.7,94.7,101.6,97.6,90.9,95,101.3,104,97.5,93.4,93.3,95.5,92.7,93,88.2,92.1
Новосибирская область,100.2,99.9,100.3,100,95.8,100.4,100.2,104.3,102.3,101.4,101,100,100.4,98.7,101,101.9,105.6,101.7,99.2,103.2,99.4,103.6,102.9,100.9,101.4,100.6,100.6,98.8,99.2,105.1,98.1,98.1,101.7,101.3,104.9,111.6,103.7,105.8,103.3,109.4,106.7,101.8,105.4,107.1,101.8,103.8,108.8,103.7,101.2,104.9,105.3,106.1,106.4,103.7,102.7,102.3,110.6,105.7,100.6,105.9,99.2,96.6,96.5,86,83.4,96,98.5,95.4,103.5,98.9,103.3,104.4,102.5,108.8,112.1,115.7,113.7,113.7,116.4,116.7,119.1,120.4,117.4,111.9,112.1,107.5,109.5,99.1,102.7,97.1,100.6,98.3,95.4,98.3,100.2,111,103.7,101,105.2,112.7,111.4,112.2,110.6,111.2,112.7,111.5,108.5,102.1,108,113.1,104.4,100.5,101,98.6,103.6,103.4,102.2,108.3,104.9,102.9,99.6,100.2,100.7,102.2,103.9,101.2,92.5,92.6
Омская область,101.9,101.9,96.1,106.6,101,102.6,102.8,102.2,94.6,95.7,95.6,98.9,96,99.8,94,99.5,94.1,98.1,95.6,101.3,95.9,109.1,103,103.8,101.4,99.7,106.7,98.5,98.2,100.9,100.8,96.6,112,85.2,94.4,99.8,102.1,98.4,99.2,102.5,108,102.8,106.7,103.9,98.3,122.2,109.8,99.5,102.4,105.3,100.2,100,101.7,98.8,93.8,101.6,93.2,99.5,95.6,103.2,102.2,107,105.6,99.7,85.8,92.7,102.7,97,112.6,99.1,102.9,101.3,97.9,93.5,97.6,104.5,108.8,109.9,105.3,106.7,110.4,98.7,97.6,108.6,107,109.8,100.1,107.6,108.9,106.7,100.6,103.9,99.4,120.6,116.1,93.6,108.9,104.9,114.7,107.7,113.2,102.6,104,103.6,100.4,97.6,107.9,109,100.4,106.1,105.6,105.1,94.2,103,109,102,105.7,110,100.4,107.4,105.2,103.6,103.5,104.1,108.6,102.4,99,101.1
Томская область,98.6,100.8,102.3,100.8,98.2,103.3,104.1,103,99.2,99.5,102,93.9,98.5,99.5,104.6,101.3,102.9,102.3,96.4,99.3,100,98.5,100.9,105.4,102.4,104.6,99.9,99.8,102,99.8,103.7,98.6,98.5,92.4,90.3,92.5,96.8,97.2,97.1,96.3,96.8,98.4,96,98.3,101.4,105.6,104.3,105.2,98.8,98.3,99.8,96.5,98.1,97.2,102.6,100.7,96.1,100.8,103,111.4,100,105.2,98.8,100.7,86,91.8,79.7,80.4,83.8,81.5,81.5,89.2,97.4,86.3,98.3,99.6,108.5,101.5,106.9,119.5,118.9,116.9,117,109.5,97.4,106.7,103.3,95.9,100.8,101.9,95.3,84.4,96.8,94.3,101,96.7,101.1,97.9,99.7,105.2,107,103.4,108.9,119,103.3,105.2,98.9,101.5,98,102.7,102.6,99,106.1,98.6,114.6,100.7,110.9,103.9,107.4,98.2,97.9,96.7,93,98.3,97.5,101.5,104.1,95.9
Дальневосточный федеральный округ,105.1,101.1,100.6,105,104,104,107.2,106.7,109.1,112.2,104.4,93.3,99.9,100.4,106.4,104.6,103.8,107,108.8,89.9,103.8,99.3,105.9,112.2,106.4,104.9,99.5,101.6,106,102.6,107.3,125.8,89.6,96.9,98.5,99.8,105.4,103.5,102.7,100.5,99,103,103,102.5,113.8,112.6,108.8,108.8,97.9,104.6,107.3,115.9,105.3,102.9,108.8,107.6,111.3,102.9,106.2,106.3,103.3,104.4,96.5,87.9,97,92.6,83.7,89.4,96.3,95.5,98.2,104.6,95.5,101.4,101,111,104.3,111.8,109.5,106.3,104.5,104.1,99.8,93.5,104.6,100.2,109.2,100.5,89.6,93.5,88.5,98.4,83.8,92.8,94.7,102.4,97.3,95.3,98.2,97.2,114.9,109.4,120.1,105.7,115.3,109.3,113.1,101.4,110.5,105.8,99.4,105.6,102.7,98.2,97.2,104.4,106,107.6,99.8,103.2,103.7,100.8,102.2,103.5,103.1,96.3,103.1,96.4
Республика Бурятия,96.5,78.7,105.6,104.5,100.6,122.6,115.9,84.6,105.9,87.1,93.9,74.9,105.6,121.8,77.7,94.8,102.8,71.4,138.2,104.5,84.7,121.7,73.9,88.7,95.4,64.7,105.5,76.9,113.8,91.8,108.2,104.2,110,101.5,93.9,124.5,123,120.7,97.3,130.4,103,112.9,93.7,90.2,95.7,87,105.9,89.4,87.3,102.9,105.4,107.3,121.2,111.9,134.1,146,129.4,105.5,95.6,95.6,108.1,128.9,109.6,97.4,85.7,100.3,90.4,113.2,115.9,137,121,125.9,114.6,105.2,122.3,120.1,110.8,105.7,101.9,96.1,94.7,81.3,120.1,79.8,78.2,87.2,165.2,117.9,139.1,104,96.8,100.3,78.3,152.3,100.7,126,148.7,98.4,55,66.6,66.4,102.2,109.7,98.8,125,121.5,103.2,105.9,102.2,115.5,112.1,163.1,119.2,111.4,107.3,89.4,115.5,71.7,82.4,100.2,98.4,104.7,102.5,81.4,115.1,114.2,115.4,118.1
Республика Саха (Якутия),106.2,95.5,101.1,105.9,110.1,107.4,104.5,107.3,119.1,127.3,96,90.4,100.4,102.7,105.2,99.7,105.2,105.4,99.3,103.2,95.3,86.8,105.4,106.5,102.6,102.4,99.5,102,109.3,104.8,107.4,105.2,93.9,99.9,97.8,105.7,108.6,111.2,104,99.7,101.3,103.2,108.4,102,102.8,112.3,120.3,116,98,100.2,112.6,131,109.2,109.3,115.6,108.5,127.3,103.9,109.1,116.5,93.1,110.3,102,72.5,85.4,86.2,78.4,90.1,103.8,103.1,110.9,103.9,99.7,121.5,113.9,151.7,130.2,142,130.7,118.1,98.7,112.6,98.8,91.1,125,102.9,112.2,113,104.5,127.7,110.5,120.7,104.3,114.5,103.6,119.7,106.1,92.5,108.2,93.2,107.4,89.4,107.6,98.3,107.4,90.8,123.7,102.1,112.4,113.9,101.1,109.2,113.2,108.2,110.8,110.2,110.2,118.2,99.9,109.5,110.5,103.7,100.4,104.7,101,89.5,97.2,94
Забайкальский край,99.9,97.8,97.4,99.6,106.6,95.5,95.6,106,96.7,109.2,97.4,82.7,106.6,103.4,105.6,107.5,101.8,105.6,111.2,100.9,97.6,100.2,106.7,102.2,106.6,101.5,100.9,97.5,91.4,101.1,100.1,128.9,109,108.6,90.4,102.6,96.9,99,102.5,101.6,106,100.8,93.5,113,106,107.4,105.6,107.6,97.9,94.9,103.7,103.8,108.6,106.6,114.2,106.3,105.9,110.6,108,93.9,107,107.2,100.9,94.9,95,94.3,93.6,90.4,89.9,85.7,99.6,101.6,103.5,101.1,106.4,115.4,109.1,95.1,103.2,115,117.5,108.7,108.9,117.7,96.3,106.9,104.2,105.3,107.1,115.5,100.5,103.3,97.8,96.6,98.5,99.7,106.8,102.3,105.9,107.6,102.6,95.8,106.5,99.4,99.6,105.1,103.8,101,97.3,105.8,104.6,102,96.3,102.8,99.3,101.4,97.1,97.4,100.9,105.9,105.6,96.7,104.9,105.2,107.9,102.2,104.6,99
Камчатский край,90.3,101.6,101.6,85.9,102.4,104.7,136.5,112.8,87.4,101.9,106.8,101.1,115.3,102.8,100.6,102.5,117,108,101.1,127.3,125,112.9,110.2,109.5,109.1,107.2,106.3,117.5,92.8,108.7,132.1,104.1,87.2,100.4,108,84.2,113.5,90.3,100.2,82.3,99.6,87.3,108.3,190.8,111.1,121.6,103.8,121.5,96.2,111.8,99.7,124.6,100.9,97,122.2,60.8,87,91.3,103.9,86.7,110.7,103.5,105.2,112.1,115.8,109.4,49,95.9,104,109.9,95,113.8,99.2,90.5,98.7,97.2,95.3,86.1,221.4,135.8,93.6,83.7,106.2,99.9,94,108.8,97.1,101.4,88.8,119.8,51.5,52.4,99.9,115,108.2,94.5,112,108.5,117.4,103,121.6,98.9,230.7,174.3,120.8,111.6,107.9,101.4,117.7,118.3,98.4,101.4,104.2,98.5,45.5,70,84.9,97.1,87.5,83.4,85,86.9,95.8,100.4,84.6,94.7,151.4,102.6
Приморский край,99.4,109.1,99.5,108.3,86.8,100.9,103,82.3,90,69,129,54.3,108.2,96.6,95.5,97.6,124.3,112.6,100.3,131.9,100,99.3,80.8,149.3,106.4,100.8,132.3,105.8,113.1,91.8,104.6,141.3,155.5,132.2,123,116.2,103.4,117.1,113.4,111.4,106.3,106,115.7,70.7,68.1,109.1,78.6,88.4,87.7,93.7,74.1,137.3,135.2,186,105.4,135.2,140.7,105.8,127.3,114.6,103,85.7,80.7,60,76.6,55.1,68.5,71.6,79.4,76.9,70.4,122.3,95.8,112.7,167.8,125.8,102.6,172.9,134.2,158.7,187.3,144.2,103,75,112.5,107.2,91.8,98.5,111.3,70.3,91,170.3,62.5,84.1,86.4,125.3,108.2,103.1,86.8,116.5,114.9,129.7,120,52.1,118.1,137,119.8,70.3,104.3,108.4,110.1,102.3,95.3,83.8,105.2,109.1,122.1,125.5,121.9,87,101.2,100.8,103.1,100.8,104.4,107.1,101.4,128
Хабаровский край,104.5,103,94.9,108.4,92,91.2,94.5,109.5,113.4,102.7,95.1,87.9,95.1,105,95.5,101.6,95.5,111.2,114.2,93.1,110,100.2,136.1,125.6,112.2,106,101.3,96.9,103.9,108.7,101.2,118.7,110.9,114.2,113.4,116.7,117.3,92,103.2,110.2,101.6,95,102.6,102.2,89.8,94.7,96.7,103.4,94,115.4,99.6,100.9,102.9,109.3,107.6,98.9,99.3,106.9,101.5,98.5,108,104.2,99.2,106.6,106.3,101.7,94.5,93.8,91.8,86.9,95.3,119,95.8,96.6,107.3,114.5,99.3,102.5,103,119.6,119.7,117.4,116.2,124.8,105.8,111.4,119.9,97.6,111.2,110.6,101.3,94.5,96.9,100.7,95.8,100,108.1,97.4,94,98.8,92.3,84,104.3,107.3,103.2,103.7,107.1,100.1,101.8,112.5,97.1,117.9,108.8,109.9,102.3,101.7,115.3,113.9,106.1,101.9,116.4,110.7,131.8,108.9,120.3,124.1,110.5,125.3
Амурская область,88.7,89.4,85.9,91.1,92.1,92.3,92.4,90.1,90.8,90.1,91.9,98.3,93.2,97,95.1,91.6,92.3,88.3,90.2,99.7,101.3,96.8,100.9,109.1,102.6,99.4,107,106.6,112.9,125.9,108.8,109.5,97.8,105.8,97.3,89.7,95.6,96.9,97.1,100.8,91.8,86.7,94,106.2,98.3,96.8,104.6,101.8,100.8,97.5,95.9,96.2,96.8,101.3,113.8,95.6,116.5,118.5,116.6,125.5,105.2,106.9,105,107.6,103.9,100.9,88,92.2,82.6,86.4,83.9,84.3,97.9,92.4,100.8,92.4,98.2,93.8,109.1,104.9,159.7,108.6,115.8,126,110.8,112.1,101.4,108.8,110.2,111.4,108.1,104.1,90.5,101.1,96.2,90.8,97.4,97.9,102.4,90.4,98.8,102.2,90.9,101.9,93.2,88.4,101.3,104,101.7,92.8,93.4,102.3,90.1,89.4,101.7,92,90.2,97,96.7,92.4,91.7,108.9,114.3,101.4,107.6,106.7,103.6,106.6
Магаданская область,100.1,99.2,91.2,108,116.9,108.5,105.9,110.8,100.6,96.9,117,122.8,107.1,110.2,121.8,107.9,85,93.6,99.4,91.2,107.6,103.8,104.8,121.2,115.9,103.8,111.8,111.3,113.9,106.9,94.8,103.4,101.4,117.5,116.3,110.6,108.5,104.4,115.4,127,101.5,117.4,124.4,112.4,107.3,107.2,98.8,88.1,124.3,138.5,108.1,96.5,116.3,112.2,110.5,103.4,107.3,108.9,118.6,127.6,98.4,103.3,101.7,119.1,106.1,97.1,105.5,113.5,113.5,109.4,103.7,94.4,101.6,100.5,110,101.1,102.7,103,108,104.4,105.2,104.2,112.9,120.8,99,96.5,98.6,94.5,94.8,92.9,118.7,111,110.3,89.1,90.9,99.3,99.1,91.8,97.7,94.7,95.7,105.2,76.1,86.6,85.8,108.2,102.6,94.1,111.1,113.8,94.2,112.9,101.5,105,104.3,99.9,99.4,100.9,106.5,128.5,112.7,114.5,119.5,102.9,108.6,86.5,89.3,89.6
Сахалинская область,110.7,108.8,106.2,109.4,108.1,106.2,117.2,116.2,113.4,124.8,113.3,107.8,98.5,98.2,113.5,111.3,107.3,114.8,119.5,67.6,111.2,107.4,109.5,109.4,108.2,113,94,102.7,103.6,99.3,106.4,165.8,70,84.3,92.7,90.7,101.5,100.2,101.1,96.3,96.1,107.1,97.1,94.9,152.8,122.3,112.7,112.6,99.5,107.4,111.6,111.3,98.9,86.3,99.4,117.5,101.3,98.5,100.2,99.5,108.3,101.3,94.2,95.4,105.7,104.4,91.4,85.1,91.9,92.2,96.5,97.5,90.5,88,80.6,91.3,91.8,93.9,81.5,82,92.2,92.6,89.1,89.4,93.3,94.4,108.8,88.9,61.9,53,58.6,62.4,55.2,63.4,88.8,81.1,80.7,94,94.6,99.8,147.8,172.6,154.7,156.3,152.7,141.1,104.8,114.7,113.1,92.7,95,96.5,92.8,84,90.2,107.3,100.3,97.3,95.1,98.8,95.6,94,94.5,103.5,98.1,90.2,104.8,74.8
Еврейская авт.область,106.8,100.1,61.9,89.2,67.3,73.5,101.2,60.7,91.2,80.8,73,94.8,86.8,100.5,93,86,111,91.6,91.1,98.4,101.9,109,120.5,110.7,129.4,152.8,157.8,183.1,170.5,177.8,202.2,169.2,172.4,177.4,132.8,132.4,134.8,118.1,133.2,132.9,123.6,109.1,103.9,107.7,107.1,97.5,111.8,108.7,88.8,100.5,93.6,100,107.5,115.2,107.6,86.1,113.6,119,104.2,98.1,117.7,115.3,107.5,100,99.2,94.9,96.9,112.1,89.7,96.8,100,107.4,97.2,94.3,98.1,96.5,97.7,95.9,93.9,112.2,101.5,97.3,96.5,85,100.5,105,103.2,104.7,107.2,105.5,117.1,113.9,104.5,113.3,90.6,122.9,112.3,101.5,98,101.1,89.2,103.8,94,79.6,91.8,88.2,102.4,74.4,85.8,85.7,88.7,91.8,100.6,87.4,95.8,124.2,127.2,130.8,122.2,136.8,105.9,100.3,110.5,106.1,106.2,108.5,104.1,106.7
Чукотский авт.округ,120.4,100.3,104.5,99.8,98.3,131.4,92.4,103.3,111.3,95.5,90.1,82.6,95.2,86,109.1,102.5,68.3,94.5,97.8,71.9,89.8,89,92.6,118.1,105.5,72.3,83.1,72.2,106,93.5,110.8,104.5,94.2,97.9,75.7,83.4,101,102.5,89.2,103,95.3,84.1,108.1,103,100.4,103.3,105.2,115,81.4,81.2,137.4,107.9,98.1,115.3,107.8,110.8,103.7,111.5,109.5,101.4,125.4,132.1,72.1,105.1,114.6,96.6,97.4,90.2,101.9,102.2,103.4,97.5,92.7,106.8,113.6,89.7,89.5,97,91.7,113.9,93.1,95.7,150.2,110.3,91.4,80.5,91.2,95,92.3,93.7,94.5,91.5,90,98.7,52.2,90.5,93.4,100.1,96.8,101.3,121.5,113.5,114.4,97.7,117.4,102.3,141.9,123.6,137.2,117,112.8,102.1,95.1,99.1,114.3,110.7,89.2,113,100.7,119.8,104.4,104.6,101.8,119.3,126.6,99.7,87.7,95.4
"1 Агрегированный индекс производства по видам экономической деятельности ""Добыча полезных ископаемых"", ""Обрабатывающие производства"", ""Обеспечение электрической энергией, газом и паром; кондиционирование воздуха"",""Водоснабжение; водоотведение, организация сбора и утилизации отходов, деятельность по ликвидации загрязнений"".",,,,,,,,,,,,,,,,,,,,,,,,,,,,,,,,,,,,,,,,,,,,,,,,,,,,,,,,,,,,,,,,,,,,,,,,,,,,,,,,,,,,,,,,,,,,,,,,,,,,,,,,,,,,,,,,,,,,,,,,,,,,,,,,
"2 Без учета статистической информации по Донецкой Народной Республике (ДНР), Луганской Народной Республике (ЛНР), Запорожской и Херсонской областям.",,,,,,,,,,,,,,,,,,,,,,,,,,,,,,,,,,,,,,,,,,,,,,,,,,,,,,,,,,,,,,,,,,,,,,,,,,,,,,,,,,,,,,,,,,,,,,,,,,,,,,,,,,,,,,,,,,,,,,,,,,,,,,,,
