"Объем работ, выполненных по виду деятельности «Строительство» ",,,,,,,,,,,,,,,,,,,,,,,,,,,,,,,,,,,,,,,,,,,,,,,,,,,,,,,,,,,,,,,,,,,,,,,,,,,,,,,,,,,,,,,,,,,,,,,,,,,,,,,,,,,,,,,,,,,,,,,,
Млн.рублей,,,,,,,,,,,,,,,,,,,,,,,,,,,,,,,,,,,,,,,,,,,,,,,,,,,,,,,,,,,,,,,,,,,,,,,,,,,,,,,,,,,,,,,,,,,,,,,,,,,,,,,,,,,,,,,,,,,,,,,,
,2016 год,,,,,,,,,,,,2017 год,,,,,,,,,,,,2018 год,,,,,,,,,,,,2019 год,,,,,,,,,,,,2020 год,,,,,,,,,,,,2021 год,,,,,,,,,,,,2022 год,,,,,,,,,,,,2023 год,,,,,,,,,,,,2024 год,,,,,,,,,,,,2025 год,,,,,,,,,,,
,январь,январь-февраль,январь-март,январь-апрель,январь-май,январь-июнь,январь-июль,январь-август,январь-сентябрь,январь-октябрь,январь-ноябрь,январь-декабрь,январь,январь-февраль,январь-март,январь-апрель,январь-май,январь-июнь,январь-июль,январь-август,январь-сентябрь,январь-октябрь,январь-ноябрь,январь-декабрь,январь,январь-февраль,январь-март,январь-апрель,январь-май,январь-июнь,январь-июль,январь-август,январь-сентябрь,январь-октябрь,январь-ноябрь,январь-декабрь,январь,январь-февраль,январь-март,январь-апрель,январь-май,январь-июнь,январь-июль,январь-август,январь-сентябрь,январь-октябрь,январь-ноябрь,январь-декабрь,январь,январь-февраль,январь-март,январь-апрель,январь-май,январь-июнь,январь-июль,январь-август,январь-сентябрь,январь-октябрь,январь-ноябрь,январь-декабрь,январь,январь-февраль,январь-март,январь-апрель,январь-май,январь-июнь,январь-июль,январь-август,январь-сентябрь,январь-октябрь,январь-ноябрь,январь-декабрь,январь,январь-февраль,январь-март,январь-апрель,январь-май,январь-июнь,январь-июль,январь-август,январь-сентябрь,январь-октябрь,январь-ноябрь,январь-декабрь,январь,январь-февраль,январь-март,январь-апрель,январь- май,январь-июнь,январь-июль,январь-август,январь-сентябрь,январь-октябрь,январь-ноябрь,январь-декабрь,январь,январь-февраль,январь-март,январь-апрель,январь- май,январь-июнь,январь-июль,январь-август,январь-сентябрь,январь-октябрь,январь-ноябрь,январь-декабрь,январь,январь-февраль,январь-март,январь-апрель,январь- май,январь-июнь,январь-июль,январь-август,январь-сентябрь,январь-октябрь,январь-ноябрь,январь-декабрь
Российская Федерация1,300251.4,657664.8,1122347,1582356.3,2061915.4,2689056.4,3324731.4,3971301.4,4672309,5413684.7,6193841.2,7213464.2,344901.6,710536.4,1216255.9,1712819.1,2247108.7,2932404.4,3601766.7,4320316.4,5104464,5855129.9,6602071.1,7579837.9,420393.7,835523.3,1369300.3,1954727,2564056.3,3312816.6,4078324.8,4847260.3,5691156.9,6513930.8,7332497.4,8470580.5,401164,838005.7,1419581.3,2051921.8,2714595.5,3531183.7,4372715.1,5211062.2,6153202.2,7083308,7934446.2,9132153.1,438563.4,929182.6,1551781.1,2181388.3,2856380.4,3694305.1,4563661.6,5447719.9,6478447.3,7459090.6,8381491.5,9686256.6,465759.6,967989.3,1657932,2379854.4,3152658.4,4132187.5,5100097.4,6110265.1,7240158.5,8335657.6,9467558.8,11047948.2,535628.2,1133261.9,1959959.4,2874884.1,3776675,4914011.6,6069711.9,7288592.5,8585520.9,9919035.1,11263939.7,13149369.5,672684.3,1423111.5,2386216.3,3434687.1,4550532.6,5879810.8,7236542.8,8641063.2,10130207.3,11609529.1,13092204.6,15244342.9,735239.7,1555276,2607722.5,3769975.5,5037382.6,6487350.2,7960599.5,9482076.8,11090138.3,12685564.9,14289987.6,16780080.1,856592.9,1853757.2,3028586.6,4390126.9,5766588.6,7335461.8,8976750.7,10617391.7,12352665,,,
Центральный федеральный округ,67552.8,151575.9,251481.8,356602.2,469342.3,607435.5,753796.8,894193.3,1044612.2,1214278.8,1374343.6,1842119,93290.2,197646.4,327243.1,455225.5,601232.8,775336.3,945189,1141752.6,1337858.6,1532601.1,1741775.4,1984091.3,124054.7,228113.7,358018.4,507460.5,670263.6,855139.9,1059660.2,1255277,1454671.8,1664772.7,1873500.6,2157211.6,117115,230816.4,373972.3,523944.8,696734.8,914094.1,1135017.4,1343917,1577849.7,1801133.3,2019596.5,2356914.4,117299.7,237840.3,396900.6,544471.9,709788.9,929702.4,1167263.3,1396946.3,1695484.5,1979855.5,2263929.1,2626914.8,144026.7,288095.1,467635.3,643670.2,849055.5,1096119.8,1351140.4,1605973.9,1894042.2,2185583,2481351.7,2914419.4,144072.6,309797,528919.4,758309.9,1007135.1,1318819.9,1638084.9,1954821.9,2307748.1,2674314.9,3029665.4,3545934.1,183141.4,386233,640293,931339.4,1233621.8,1586253.1,1947534.8,2319631,2692542.2,3074306.4,3448988.8,4054701.7,206586.7,423998.3,674705.3,990124.8,1305075.4,1661603.4,2040498.4,2421756.7,2792851.8,3176321.4,3558444.7,4256126.7,241061.1,511532.5,793171.5,1167942.7,1530733.3,1920865.5,2357805.3,2776618.3,3229636,,,
Белгородская область,2912.6,6078.1,8722.7,12174.3,17015,21874.5,28537.5,34830.2,40317.2,44473.4,48335.2,70984.8,6259.4,10467.2,13850.8,19089.2,25602.4,33869.6,41557.8,52217.2,63179.4,71664.4,79093.4,88591.8,7318.2,11578,17284.5,23860.2,30803.3,38683.2,48202.5,57613.6,64818.2,77138.4,83904.1,92638.3,7477.9,15502.3,20579.6,28134.8,36513.3,47119.4,58823.2,69251.9,80034,91375.7,102215.4,118522,8753.4,18643.2,27169.3,40293.4,51555.2,61726.6,71535.6,81853.6,91602,105239.7,115117.8,127125,10628,16340.7,22513.7,30525.9,40199.5,51730.8,61745.6,73486.9,84329.7,96263.5,108482.3,123674.3,5288.2,12385.6,22653.2,31472,44091,60062.2,75081.9,88450.9,103839.1,117734.3,131091.3,146082.5,5938.3,13671.6,25688.1,34321,48322.6,63923.1,81700.8,96253,113647.2,130644.9,147853.6,174327.4,11987.1,23721.7,38633,54936.1,72585.2,90849.9,108328.1,121561.7,134742.1,153282.3,168477.6,200579.2,17584.4,33867.4,44833,58767.3,72421.3,89372.6,108663.3,123093.7,141273.5,,,
Брянская область,977.5,1822.8,3477.2,5026.6,7230.5,9597.3,11842,14369.7,16668,19407.1,22850,27764.4,1741.3,2970.6,4335.7,5897.1,8706.8,11684.4,14125.5,17794.6,20156.6,22989.5,24986.4,28564.6,774.3,2126.1,3542.3,4638.4,6879.4,9720.7,12258.3,15247.2,17283,19882.2,22585.2,25316.5,729.9,1399.3,2053.2,3519.8,6367.5,9299.2,12397.2,16450.6,19736.7,22412.6,25681.5,30335,612.6,1848.3,3240.3,4808.7,7414.4,10423.8,15444.4,20551.8,25913.6,31547.3,36232.9,40518.5,3037.1,4560.9,8182.9,10601.3,14580.6,18783.3,23140.3,26725.2,30416.4,35724.4,40267.6,46429.6,1434.5,3526.4,7996.3,11014.9,14208.3,18968.2,22423.3,27379.5,32906.8,36346,39906.7,46223.4,1299.2,3134,5800.7,8427.6,12049.6,15402.1,24141.3,28773.8,33864.3,37250.3,42343.1,47647.6,1442,4166.5,6632.8,8608.1,12076.4,15731.1,19010.9,22858.3,26369.9,32684.6,37160.8,43405.2,1858.6,4654.4,7717.2,11603.1,14521.1,18258.2,22858,27257.1,30710.3,,,
Владимирская область,1248.1,2344.3,3839.2,5680.6,7939.6,11454.3,15143.1,18468.8,23130.6,26376.4,29517.1,34277.7,1268.7,2402,4395.2,5352.8,7854.4,14666.5,17393.8,21583.2,26402.2,30108.5,33882.6,37927,1417.4,2599.9,4127.6,5804.9,7999.4,11760,15846.9,20620.9,25308.3,31080.3,35358.6,40515,2132.7,4047,5744.1,7487.8,10734.5,15277.6,19451.1,23257.3,28191.5,32740.8,37291.6,42923.9,1137.4,2485.4,4217.9,6751.3,10701.4,16058.9,21615,26022.5,29937.4,35078.5,39553.8,43864.7,1704.6,4127.2,7515.4,9962.5,14640.6,18624.2,23233.8,29026.9,35577.2,41625.2,46386.2,64536,2900.8,6160.1,10214.4,17072.5,24886.7,32768,44517.3,55478.8,67998.1,77852.6,87206.7,96585.7,1947.2,5698.3,15102.3,24530.6,39571.2,54079.1,66999.3,80091.8,88170.4,94191.8,101860.2,110230.6,5348.4,11797,16846,22370.8,28342.5,37567.7,50210.5,57222.3,63408,72210.6,82228.6,90497.7,3681.8,6943.2,10399.5,16273.7,23909.4,32375.7,43790,58134.1,69040.9,,,
Воронежская область,3289.8,6093,10329.9,14582,18777.8,24012.4,30152.3,37026.3,44453,51318.9,56415.9,100403.6,6008,12771.1,19686.6,28132.7,36299.2,47726.5,56169.1,64417.2,75431.7,86198.8,96192.1,107531.1,5172.9,10875.1,16312.6,26831.9,34683.2,47665.9,61980.7,72646.6,85885,98900.5,113813.9,128660.8,3701.6,8223,15942.4,23601.2,33035.5,49855.8,58527.8,69137.9,84073.1,96026,105517.9,136924.6,4386.6,9773.1,16530.1,24283.7,32406.1,50155.8,60335.9,67521.5,102601.6,110426.6,121834.1,133017.8,5274.4,12815.1,20979,27348.2,34185.5,43867.7,52345,64755.8,81251.3,91081,105977.5,122778.5,2490.9,5606.3,13119.1,22788.9,33400.3,47139.4,59156.7,75024.4,90534.3,106633.2,119400.1,138126.7,6206.5,11774,18622.3,25784.2,40631.6,57633.5,74171.9,92372.7,110394.1,132726.9,150867.6,177850.3,6542,13545,21810.5,35455.1,52190.2,67978.6,87238,109808,132152.4,150860.8,172767.3,209777,11740.3,21124.5,30578.2,46647.4,65575.5,84285.7,111982,138754.4,170097.7,,,
Ивановская область,804,1225.4,1768.7,2776.9,4197.7,6490.2,7725.5,9608.3,11496.5,14615.4,18128.4,20848.7,649.7,1648.5,2824.3,3983.9,5618.1,8443.7,10777.9,14941.3,19701.1,23522.3,26917.1,27843.5,446,1082.7,1955.9,2766.2,4880.9,8901.4,12644.6,16328.7,22447.4,24149.9,26277.2,31998.4,723.5,1509.6,3410.6,5497.9,9605.9,14976,17983.4,21387.9,24444.2,30299.9,34059.3,40053.7,757.7,3281,4182.8,5393.9,6269.4,8976.7,13007.8,17251.7,19779.8,23924.6,30907.7,43805.1,1206.2,2398.9,4300,6468.9,7736.2,11035.5,16658.9,21794.7,30066.6,36174.8,43613.2,52942.4,2096.6,3643.5,5690.5,7443,10611.1,15834,20404,26081.1,30366,37193.4,49345.2,59798,1175.8,3281.6,6221.1,8622.6,15406.5,23132.6,30395.6,38449.6,41841.5,49211.5,55638.3,68921.5,1814.9,3516.3,4322.4,5837.6,8583.5,15058.2,20927.7,25133.6,29226.7,34516.6,39617.6,53529.8,2804.9,5253,9386,12203.8,15938,19348.4,25763.2,28618.1,33273.3,,,
Калужская область,1015,2973.2,5562.4,8266.2,11973.3,17717.4,21327.5,24999.9,28721.3,33779.1,39062.4,53878.9,1600,5203,10420,15645.9,20068.5,26652.6,31595.6,39371.6,46716.7,52718.4,58797.4,66936.2,2344.5,5207.5,9526.6,15983,18885.2,24893.2,29242.5,34465.3,38856.4,50435,57349.3,67997.4,4096.6,6581.4,10004.8,13192.7,19404.9,26314.5,31011.5,36253.1,44298,50782.4,55791.8,67112,3722.2,6086.1,8959.1,11279.4,18907.1,25892.8,31773.3,37582.5,50441.6,57890.6,64474.9,74857,3469.4,8457.1,14882.8,20052.6,27251.1,33985.9,40026.4,45425.1,52070.4,60232.5,67725.5,77177.3,3867,9467,14373.2,20132.8,27384.8,36109.9,42183.7,49195.8,56726.6,67297.2,74727.5,81566.1,4281.3,7406.3,12175.7,16875.8,24283.3,32638.9,38759.3,47831.7,59514.2,69012,82741.5,94653.2,3885.4,6507.3,10473.8,16290.9,23163.6,32039.3,38330.9,47063.1,54695.8,65448,74003.9,90512.8,4787.1,9017,16217.3,23559.5,30753.7,40370.3,51405.4,60554.4,71387.5,,,
Костромская область,362.2,760.8,1333.5,1966.7,2751.6,3431.8,4469.2,5129.9,6032.3,6915.9,7682.7,10949.7,438.2,657.6,1011.9,1227.9,1530.6,1928.7,2647.5,3532.6,5785.1,7561.7,8238.2,9020.1,381.6,1158.3,1866.2,2338,2619.6,3508.5,4758.8,5337.4,6395.9,8556.5,10806.6,11780.2,363.2,813.2,1693.2,2181,2707.5,3418.4,4925.2,6968.5,9285.4,10767.6,11985.1,12591.9,141.2,526.6,809.7,1760.3,2369.3,4244.8,6107.9,7937,10430.7,11395.7,13026.2,16057.8,1010.8,1760.4,2316.4,3747.3,4962.3,6344,8314.2,10518.7,12560.3,13644.5,14567,16885.5,748.6,1509.8,2112.1,3429.7,4008.4,7253.8,9872.8,11709.2,14505.1,16084.9,18517,21026.2,1392.2,2270.9,3606.4,4735.2,6007.2,8225.9,9550.2,12612,14883.9,16964.3,19607.6,22770.4,1849,2494.9,3792.1,4723.4,6283.5,7197.8,9985.4,11386.3,12410.9,13452.9,14852.6,17111.1,677.7,1269.1,2024.8,2517,3059.6,3941.2,4749.8,5648,6423.9,,,
Курская область,1842.7,4288.5,6558,8774.1,12199.3,16369.1,20795.3,25579.2,30497.8,35368.5,38959.1,44911.5,2328.2,4427.9,6820.1,10034.3,13747.8,19084,24877.7,29844.8,36006.9,40916.4,45457.6,50200.5,1535.5,3835.8,6419.1,10086.3,14793.4,20529.9,26587.1,33083.3,38931.3,43591.5,47818.1,57126,2248.2,5111,8845.3,12803.9,18576.7,26700.2,32841.9,42087.1,49586.4,56819,65284.4,77081,2345.9,5514.3,11030.6,15549.8,21819.5,29665,37532.4,45399.9,53945.5,62850.1,71270.3,82453,2221.4,6580,11709.5,18104.8,25562.4,35967.5,46472.6,57611.5,68388.8,77997.4,91388.1,112268,5430.3,12706.9,20077.3,27348.3,38505.4,53306.8,67952,83058.2,98556,112629.5,125881.5,148635.8,8228.7,18100,30310.6,41291.1,54883.8,71420.8,90022.7,105296.2,120964.7,134099.4,150916.1,176490,7560.4,17235.2,29560.9,43323.7,60825.7,77148.2,106028.8,128706.3,147662.9,163043.8,181995.4,212428.8,7617.5,16466.6,26058.5,44363.9,60987.8,81426.1,100262.2,116833,135568.9,,,
Липецкая область,2014.7,3598,6270.8,8576.3,11258.8,14284.5,17558.1,20434.7,25001.1,30436.2,36461,42387.9,2785,5040.4,8213.7,10776.5,14214.1,18284,21803.8,26338.4,30447.8,36685,42746.9,48597.2,2706.5,5823.6,10705.2,14208.1,19081.6,24462.5,29789.6,35234.8,40464.2,45671.2,51045.3,56015.2,3322,6968.7,10633.4,15743.9,21558.3,27987.5,35046.5,42027.3,49144.1,55414,62361.9,67817.6,4894.2,10250.5,13912.4,19268.7,24856.1,31290.6,39034.6,46316.4,54667.3,62796.4,70309.2,77019.9,4777.1,7617.2,12177.3,17737.7,23841.9,32534.7,41408,48253.5,54198.2,60831.1,67634.3,75787,3232.1,8430,15323.1,21373.3,26349.3,33418.9,41490.8,47479,59221.8,65716.4,73167,91059,4212.7,9163.9,14688.3,23197.9,31674.9,43039.4,52138.4,63190.8,71885,81545,91218.3,105405,6447.6,14053.9,21615.9,33970.2,43521.2,55320.2,70925,85722.1,98739.8,118769.4,130578.5,153180.1,6897.1,15493.9,21805.5,32272.7,41891,51683,63558.5,76744.1,90542.4,,,
Московская область,12667.7,29910.3,47833.6,66815.3,86326.6,112570.4,141817.4,172977.5,207324.6,249050.9,288106.1,328468,9773.6,24681.6,48070.1,70598.9,101692.8,132048.7,167712.5,204052.6,238690.9,276154.7,316201,357555,26174.3,48798.9,74478.1,103296,138813.6,183749,230343.5,265839.1,305179,351739.4,406986.7,469584,27804,53876.4,86022.1,118604.6,154260.7,199564.5,243686.4,288897.9,334914.6,386410.8,436775.3,520116.6,23395.5,45453.5,76068.5,106890,138084.3,180998.9,232976.8,284760,341331.4,413666.2,487937.9,572893.8,23435.2,45420.9,73598.9,104851.6,136316,178547.3,229049.1,277221.3,329973.4,391510.9,456222.7,536546.2,30421,61884.5,94830.3,138792,189347.4,250493.8,317430.8,386027.7,453507.2,530815.1,612219.9,712509.4,35177,78541.6,122678.9,190155.4,245978.3,305076.6,366356.3,443608.9,503097.5,559106.5,610708.6,719436.6,32435.5,71401.1,116573.9,182303.1,245011.9,303548.2,371117.3,443030.7,507296.8,570843.2,629157.5,745700.9,37801.9,78920.6,127549.9,192296.1,259698,324001.4,400786.9,476115.4,554979.2,,,
Орловская область,602,1506.4,3528,5526.2,7312.7,9105.3,11030.3,12943.4,14566.3,16624.7,19055.8,19544.1,1076.6,2455.8,4496.6,6243.4,8282.9,10010.1,12369.4,14402.9,16872.5,18526.6,19825.5,21215.1,878.3,2074.9,2957.2,4072.1,5951.2,8444.5,10672.9,13168.7,16448.9,17901.5,20020.6,22747.4,1313.8,2841.2,4279,5975.1,7753.1,10268.6,13339.3,16338.8,19174.9,21745.9,24103.4,27027.5,1117.7,2626.1,5045.9,6992,9416.4,13663.9,16287.4,19866.9,22129.6,24406.8,25961.3,29405.8,1262.7,3321.7,5548.2,7446.6,9122.2,11252.6,14500,17170.9,19927.8,22099.9,26127.9,32846.1,3404,6162.5,8398,10655.8,13752.3,17014.7,20068.1,23555.1,27615.7,30299.4,33602.7,35517.4,1721.8,3455.7,5164,7382.3,10354.1,12947,16353.1,19968.3,25059.8,29236.9,32708,38655.9,2703.6,4760.2,7403.8,9942,12547.1,15097.3,18109.6,21246.4,23320.9,26149.1,28637.5,36415.6,1050.2,2451.4,4471.8,7591.7,11516.7,14966.4,20725,25037,32084.4,,,
Рязанская область,598.5,1232.5,3127.2,4348.3,5586.8,8129,10862.5,15401,18257.8,22254.3,27711,40195.7,905.1,2445,4694.9,7272,10657.1,14611.6,20195,24769.3,29515.3,36509,42211.5,45602.2,1580.6,3014,6895.1,9991.1,13593.2,18980.7,23907.4,28385.7,32339.4,37879.6,46260.2,49224.9,1928.5,4908.2,7446.6,9625.1,12055.2,17872.9,29488,32998.8,39258.7,44363.8,49769.1,54701.8,2309.3,4714,7303.7,10271.2,13434.2,18203.3,22104.1,25922.3,32019.2,37878.8,44372.3,50453.6,2172.6,4462.5,7496.9,10594,14049,18914.2,24978.8,29957.8,36800.5,43543.2,49688,54902.3,1681.9,4695.2,7355.2,10053.3,13985.8,18546,24170.8,30362.6,37655.8,45506.5,52997.4,61546.4,1597.3,5173.1,7753.4,10122.4,15713.7,21487.3,27010.4,35942.6,44005.1,54546,64439.4,74586.5,3666.5,6934.7,11948.8,15874.5,22847.4,31865.6,40572.5,51241.5,60245.9,72365.1,82349.3,93654.1,4651.8,8450.8,15550.9,24374.9,31269.4,43840.9,51504.9,59776.9,72928,,,
Смоленская область,921.3,1942.4,3028.4,4148.8,5707.2,8082.8,10377.1,12504.6,14723.6,17415.8,19645.6,23923.6,983.6,2149.4,3667.1,5444.1,7955.1,10780.5,13738,15981.2,18800.6,20892.1,22822.1,25175.6,1183.4,2414.6,3465.2,5007.1,7922.3,10315.3,13923.6,16883.7,19053.1,20929,22523.7,24446.5,1290.7,2363.7,3416.5,4909.5,7339.8,10334.3,14432.8,17205.4,19962.4,22197.6,24197.1,26401.9,946.1,1618.2,2500.1,3743.9,5880.2,8445,11259.8,14926.7,18540.4,21438.6,24605.4,27229.6,522.3,1271.1,2062.7,3020.4,4822.7,7829.9,10482.5,12668.5,17216.6,21410.6,24863.9,29513.5,462.2,1472.4,2204.4,2894.9,5268.9,10280.2,15429.8,18047.1,20174.2,24371.5,27714.3,31936.7,1033.8,2030.3,3110.5,4636.5,7566.6,11984,16074.1,18327.1,21941.4,25318.2,28473.2,32405.9,959.9,1919.2,3278,6273.9,10147.9,16380.9,20973.7,24927.4,30886.4,34682.2,37660.8,42740.4,1800.6,3608.4,6665.2,10466.6,13842.3,18495.9,22124.7,26380.4,32777.2,,,
Тамбовская область,695,2431.9,3438.4,5248.8,7375.4,11297.9,15303.5,18684.7,23161.1,26126.8,29476.9,32733.2,643.1,1317.7,2091,3038.2,4638.2,7619.3,9440.1,11308.3,14110.8,17725.6,24644.2,33295.9,1386.8,2175.9,4046.8,5411.5,7669,11827.8,14605.2,17232.7,20719.2,23648.2,26562.5,29865.5,780.6,1810.5,2975.2,5006.1,7488.9,11334.5,14917,17723.9,20801.7,23669.8,26528.3,30797.9,955.8,1902.2,3585.2,6055,8764.3,12464.2,16579.3,19528.5,22326.2,25361.1,28101.6,32248.5,2293.3,3286.1,5027.7,7557.8,11140,14966,19268.2,22798.4,26659.9,29874.1,32803,37264.9,1995.8,3251.3,4803,6974,10049.2,13897.4,18637.1,22978,27238.5,30681.6,33525.2,36623.3,2422.5,4533.8,6606,8639,12669.9,16479.8,21171.4,25493.4,29755.9,33258.2,36144.2,39981,1297.9,2844.9,4530.1,7246.9,10468.8,16314.5,19782.1,23518,28353,33819.8,38576.5,43123.7,1416.1,2827.2,4350.7,6284,10670,15767.2,20212.3,24725.2,29192.9,,,
Тверская область,609.9,1428.4,2479.3,3421.2,4722.7,6193.8,7866.2,9292.6,10773.3,13928.6,15536.2,26126.8,775.2,1597.8,5392.1,7225.7,9558.9,13226,15742.9,17224.3,22420.9,23880.3,25311.5,31217.7,449.4,1358,3391.5,5293.2,7353.6,9832.2,11335.2,12411.7,14982.3,18930.5,20691.3,24268.7,550.4,1351.1,2864.9,3584.5,4742.3,10273.4,12115.2,16099.5,19342,22253.7,25313.1,29032.5,1227.9,2347.8,5736.2,8602.1,11832.1,15521.1,18866,22636,26336.8,29360.8,32192.4,37166.7,1981.1,4717.2,6943.6,9611.8,12798.4,16554.5,21160.8,24699.1,27509.6,30250.5,33346.9,38359.3,1077,2822.4,4168.4,5827.7,8670.5,12374.4,16775.9,21148.8,27314.1,33591.5,38645.2,42709.3,1056.9,4134.8,8220.6,10974.8,14473.9,17653.7,25217.9,29437.2,40891.3,51647.8,58485.8,72234.5,1370.5,6398.9,8799.1,16756.2,22940.3,30466.8,37994.7,45844.7,60714.9,67209.4,74093.5,79741,3358.3,10880.7,14075.5,22397,33793.3,43837.3,56338.1,65839,74767.3,,,
Тульская область,985.9,2235.6,4205.7,5818.2,8148.9,11419.6,13939,16751.8,19849.4,23684.5,27012.1,41727.1,2084.2,3922.8,6564.5,8967.1,11464.6,14835.3,19530.1,24912.5,28695,32992.4,36932,42264.1,2264.9,4194,6798.9,9528,13003.4,16919.5,21543,28037.2,34489.6,39006.9,44827.4,50147.3,3315.4,5231.8,8659.8,11473.1,18247.3,26199.2,36457,44284.4,55950.6,69805.8,75910.9,82340.1,2242.5,4892,7727.5,11450.8,16312.9,24410.3,37096.3,48228.6,57794.1,68504.5,79131.8,91350.3,3162.5,6819.3,13109.6,17940.1,25893.9,36629.1,46398.3,57168.2,66545.7,78783,88721.4,106271.1,3463.7,7055.2,16967.8,22226,28750.7,42278.2,54233.6,63424.1,75641.3,85600.7,93121.2,108407.5,1462.7,3372.2,9223.8,15769.9,22570.8,30786.9,43744.7,55796.5,72152.4,80915.3,97669.7,129350.2,3425.7,6317.1,10122.6,14870.4,20393.4,34132.6,43514.2,54798.1,66709.6,73999.9,82284.5,95182.8,3779.9,7093,14580.2,21625.5,27408.2,37889.8,49325.2,63638.5,76847,,,
Ярославская область,2300.6,4652.9,7150.7,11343.3,13841.5,16992.2,20901.7,24145.7,26896.7,34682.8,37701.4,46224.8,2656.1,6138.6,11449.2,14480.2,17744.9,20640.1,25475.8,30769.7,36258.4,40833.8,45136.9,51456.2,15633.7,18740.9,22350.7,27073.7,30447,35043.3,39573.7,44546.4,47577.6,51582,54439.3,59309.8,1602.9,3300.9,5537.3,7888.6,11299.1,15943.9,19355.8,23829.1,27871.6,32731.2,36745.9,41706.4,3810,6191.2,8533.5,11063,14610.2,18936.5,23814.9,28124.4,33256.6,38417.8,43547.6,52632.8,2463.2,4665.4,9525.9,13755.4,17561.4,26962.8,33065.4,39854,48695,57494.3,67097.3,75075,2486.3,5300,8655.5,14058.7,21192.9,27884,33153.2,40298.6,50964,59203.4,67815.8,81415.3,7756.8,10137.6,13477.8,17880.8,25344.8,33702.9,40011.8,47220.4,53914.1,64904.9,80527.6,90629.6,4569.8,8367.9,11694.2,16981.1,22120.2,27006.2,34070.4,40473.2,47616.7,54483.8,58787.1,72623.3,7062.1,15054.1,20042.1,33655.5,40189.4,45086.6,54202.3,58168.1,63120.5,,,
г. Москва,33705.1,77051.2,128828.1,182108.4,236976.8,298413.2,364148.7,421045,482741.6,547819.7,612686.6,876768.5,51314,107349.3,169259.1,231815.6,295596.3,369224.6,440036.3,528291,608667,692721.7,792379.2,911097.4,52406.3,101055.3,161894.9,231270.7,304884.3,369902.3,452444.7,538194.1,623492.8,703750.2,782230.7,915569.8,53733,104977,173864.4,244715.2,315044.6,391354.2,480217.9,559717.4,651779.9,731316.8,820064.3,951428,54543.7,109686.8,190348.1,250014.6,315156,398624.2,491891.9,582515.9,702430.5,819671.2,935351.9,1094815.1,73404.9,149473.3,239745,324343.2,424391.6,531589.8,638892.5,746837.3,871854.7,997042.1,1116438.9,1311162.6,71591.5,153718,269977.4,384752.1,492672,621190,755103.1,885122.9,1032983.5,1196757.5,1350780.5,1606165.4,97944.7,200353.4,331842.7,477992.2,606119,766639.5,923715.6,1078964.9,1246559.5,1429726.6,1596786,1879125.4,109280.6,218016.6,346667.3,494360.9,631026.7,787900.1,943378.4,1107215,1268299.2,1438499.7,1625215.8,1975923.2,122490.8,268157.2,416865.1,601043,773288.6,955918.8,1149553.4,1341300.8,1544621.1,,,
Северо-Западный федеральный округ,44309.3,92280.1,153407.2,216217.5,271276.7,350784.8,434979.9,506855.8,593045,670318,762369.1,1154849.1,52883.1,105003,176052.7,248145.1,316010.3,411432.8,513566.9,602644.2,720605.7,832847.7,929312.9,1067078.7,54749.1,104886.6,177060,260464.6,343386.4,446632.5,561457.7,668702.1,792225.1,907953.9,1028292.7,1198579.1,60689.5,127493.7,196611.9,275812.5,357731.9,458883,563073.2,672357.8,809627.9,924100.9,1026688.3,1164599.8,59313.4,125908.1,213270.8,290310.9,379994.3,479862.2,591285.5,688280.5,790944.7,898791.5,983525.2,1122401.8,58072.6,117828.4,191177.2,277810.3,358207.2,465290.9,569905,683496.2,817673.7,939716.1,1079348.6,1250155.7,61289.7,126584.5,216947.1,303095.3,394270.4,513877.4,631702.1,743376.9,870800.4,1002873.6,1125760.5,1323868.6,65338.6,133416.5,233255.7,326573.4,419233.5,544325.1,680767.3,818886,968404.5,1128891.9,1262974.5,1493897.5,65739.9,147621.7,246778.1,351165.7,477267.2,623171.2,763543.1,910376.7,1058689.7,1232092,1394027,1682760.6,85565.7,188886.8,310425.5,449249.4,590899.7,728567.6,898844.1,1062316.7,1214393.9,,,
Республика Карелия,225.7,1222.6,1459.4,1692.4,2033.6,2957,4082.3,5713.2,7359,8686.7,10138.2,16957.2,337.7,1398.6,2660.2,4104.7,5647.5,8116.3,10224.5,11900.4,13994.5,16678.9,18978.9,21720.5,831.4,1297.7,5032.9,6778,9168.4,11461.5,14664.2,17537.3,20634.2,23894.6,25690.1,31662.5,450.2,1794.3,3471.3,4547.5,6358.4,10097.2,13930,17945.3,21677.7,24618.8,26935.9,30041,818.8,1488.2,3336.5,4160.5,6688.8,9644.9,12668.4,15213.1,17293.8,19419,23838.7,28171.6,604.7,1642.2,2454.3,3249,4738.2,8107.3,11389.8,15250.7,19806.4,22630.4,27853.2,31332.8,1099.9,2273.1,4419.7,6906.2,9219.1,13549.6,20571.6,26374.1,30302.7,36388.1,42870.8,46255.1,2281.4,5616.4,7542,10100.8,13207.4,18767.3,23317.4,30713.1,39450.2,44288.6,50941.9,58437.4,1666.7,3805.1,5699.5,8114.5,10105.4,13675.4,18094.8,23467.4,27770.9,31228,34866.9,40997.7,1863.5,5700.5,7067.3,9682.7,13255.4,17362.6,22058.6,28173.7,32984.4,,,
Республика Коми,9523,17342.8,23730.5,35133.5,40293.8,51338.7,59852.3,65771.1,69950.1,74348.1,82735.1,105320.8,3271,6186.4,10408.3,13322.4,15777.3,19607.8,23471.4,27638,32879.3,35988.4,40385.5,45160.7,1677.8,4724.6,8601.4,12894.8,17338,21421.7,24684.8,28218.9,32109.2,35198.2,39982.1,47646,1485.2,3454,5770.1,8240.4,11154.9,15050,19484.2,24752.8,30342.6,34583.4,39516.6,44864.7,1498.5,4539.7,7770.2,11119.6,14420.7,19906.6,25446.5,30844.1,35228.8,41735.5,47584.6,60036.7,2152.7,3979.3,6703.1,11507.4,15405.6,18955.1,24087.2,29518.9,33208.3,37904.3,44071.8,54314.5,960.1,2724.1,4735,7140.5,8911.1,14847.9,18021.8,21059.5,27013.8,32340.7,39963.1,50010.9,2694.2,6459.9,9601,13584.2,16859.1,20360.7,23814.5,28526.1,33026.1,36758.4,40725.9,47221.4,2074.1,4264.6,7056.4,12134.4,16528.9,20384.7,25520.1,30892.2,34806.1,40077.6,44227.1,57443,2320.5,5571.5,10160.6,14256.1,18784.1,25503.2,32576.6,38934.8,46085.1,,,
Архангельская область,1714.3,3922.7,6725.9,10045.7,13546.8,17545.6,20867.4,24415.8,28394.3,32506.1,35834.8,56707.3,1737.1,3787.4,6464.7,11225,14329.8,17838.9,23871.8,26768.5,42617.7,61666.7,64094.7,71549.2,4888.2,8554.8,16172.2,22260.6,27351.9,32471.3,41071.8,49246.7,57788.2,62776.7,79738.8,95862.2,3537.9,7483.9,13557.2,20945.6,24121.2,28139.7,32685.4,38492.5,46317.1,62255.3,75135.5,84314.2,2868.9,6524.2,12021.6,16423.7,24333.9,29922.1,36590.7,44537.7,53803.8,61264.2,64715.3,71182.2,3991.2,10062.7,16068,22996.6,29506.1,38676,46133.9,55885.3,74444.4,79258.2,92315.2,105934,4692.2,8755.5,15280.2,25653.4,30452.6,38179.8,48308.6,55441.2,66746,73865.4,78245.4,88112.1,4310.9,8677.7,15808.4,23393,27477,33969.2,43920.2,59323.5,75435.6,84695.7,92888.7,105098.3,3306,8384.8,14188.4,21455.6,25760.1,32951.9,39784.6,46070.5,51907.7,58719.3,63656.7,72654.5,2922.3,6910.2,13136.7,18519.2,23636.1,30033.1,35736.4,40718.2,46263.8,,,
в том числе Ненецкий автономный округ,289.1,804.5,1800.9,3339.4,4632.1,4951.7,5282.3,5831.9,6140.1,6714.7,7681.7,8720.2,693.4,1813.9,3603.2,5506.1,6800.5,7880.2,8515.6,9055.4,9779.3,10718.1,11359.3,12207.7,3983,6780.7,12493,17072,21133.1,23613.3,26482,29208.5,32085.1,33544.2,37427.4,40650.3,2381.9,5129,8613.8,12114.2,13883.3,15238.3,16450,18405.3,19985.8,21276,23520.2,25996.5,1258.8,2709.5,4897.7,6799.8,8646.9,9204.1,9788.9,11953.6,16320.5,17066.3,17974.7,20479.5,1750.1,3460.1,5711.2,8789.1,10344.1,13072.1,14577.5,16307.2,17278.7,18466.3,19582.3,20724.6,2441.2,3988.8,5843.7,12723.2,13820.9,15919.4,16650.6,17556.1,18352.6,19485.1,20058.8,24326.2,1646.7,3725,6588.9,9232.9,9995.2,11294.9,12319.8,13615,14681.1,15543.9,16488.7,18896,1420.5,3652.5,5092.2,7187.8,8279.8,10031.6,10744.2,11945.3,12807.2,13678,15011,16878.1,1243.7,2656.3,4261.7,5459.2,6226.2,7198.3,7898.7,8581.4,9121.3,,,
Архангельская область без автономного округа,1425.2,3118.2,4925,6706.3,8914.7,12593.9,15585.1,18583.9,22254.2,25791.4,28153.1,47987.1,1043.7,1973.5,2861.5,5718.9,7529.3,9958.8,15356.2,17713.1,32838.5,50948.6,52735.4,59341.5,905.1,1774,3679.2,5188.7,6218.8,8857.9,14589.8,20038.3,25703.1,29232.4,42311.4,55211.9,1156,2354.9,4943.3,8831.5,10237.9,12901.4,16235.4,20087.2,26331.4,40979.3,51615.3,58317.7,1610.1,3814.8,7123.8,9624,15687,20717.9,26801.9,32584.1,37483.3,44197.9,46740.6,50702.7,2241.1,6602.6,10356.9,14207.5,19162,25603.9,31556.4,39578,57165.7,60791.9,72732.9,85209.4,2251,4766.7,9436.5,12930.2,16631.7,22260.4,31658,37885.1,48393.4,54380.3,58186.6,63785.8,2664.2,4952.7,9219.5,14160.1,17481.8,22674.4,31600.4,45708.5,60754.6,69151.8,76400,86202.3,1885.5,4732.3,9096.3,14267.8,17480.3,22920.3,29040.4,34125.2,39100.5,45041.3,48645.8,55776.4,1678.6,4253.9,8875.1,13060,17409.9,22834.8,27837.6,32136.8,37142.5,,,
Вологодская область,1939.6,3300,5384.2,7039.3,9625.7,14089.7,17942.8,21583.2,25392.5,27617.6,40211.4,65769.2,8851.9,13448.8,22259.9,28315.1,33280.6,38250,50252.6,57455,63930.5,71342.5,81472.3,91882.7,10165.8,14161.7,18216.4,26136.8,30433.5,37660.4,50481.9,59763.2,73035.3,82191.8,91053.6,103048.7,8843.6,12345.8,21200.5,28537,38302.7,49174.2,59727.1,72484.9,81279.8,88792.1,95027.6,108657.1,5055.6,15489.3,22199.3,30220.8,38097.8,49435.3,60938.9,71015.7,81659.1,95625.2,104723.5,115156.5,5038.7,10917.9,17069.7,22654.9,29333.6,41108.8,52575.1,64383.1,77538.4,91853.9,103987.9,124610.1,2871.5,6541.7,10413.5,15668,22850.8,32619.8,44679.6,56921,68450.5,79778,90860.6,107913.6,3201.5,7146,14599.7,19950.1,24727.7,33707.6,47103.8,59292.4,76537.7,96217.3,104648.2,118600.1,5011.9,9663.2,16031.7,24847.7,35579.7,49212.3,61561,72426.9,86224.1,99185.2,116941.1,138321.9,5528.8,12892.4,22644.4,35432.5,44222.2,53750.8,70655.1,84225.5,98888.2,,,
Калининградская область,4410.9,8593.7,14761.3,17135.5,19279.6,23995.6,27506.9,31706.7,35910.1,41281.8,48089.1,72170.6,3355.4,8866.6,14549.7,19336.4,24126.3,30638.1,40267.7,49495.9,58804.9,66526.7,78297.3,98824.8,1534.8,4105.6,8410.1,18205,26961.6,36360.1,44815.4,54339.1,65583.9,76314.2,83164.9,105781.6,1076.8,2650.5,6892.6,13905.6,17139.3,22319,27617.9,31889.2,56595.8,60117.1,66605.4,71888.5,1179.5,5485.7,10790.4,15492.4,27788.2,32641.4,48572,52836.1,59465,65190.4,71960.5,82119.6,2326.2,4883.9,9514.7,15384.1,21058.7,27130.8,32656.9,40574.3,46242.4,51889,63348.6,73798.8,1845.7,4864.1,8834.4,13704.2,20035.1,28006.7,36333.9,45974.8,55230.1,65015.2,74770.5,88119.9,2928.9,6806.3,13436.2,22550.7,30264.6,38535.1,48653.3,60271.9,72410.9,84456.6,96559.1,124198.9,4136.6,8663.8,15307.7,24985,37193,50266.6,64132.5,79965.2,95852.5,110811.3,124693.2,141697.8,3690.4,10743.8,18458.9,28168.6,39198.6,49150.1,65208,73399,83805.9,,,
Ленинградская область,3023.6,6895.1,11613.8,16690.9,22688.8,32384.7,48809.9,55173.3,62169.4,70669.7,81043.2,98150,2932.4,6344.6,11401.6,18484.8,25440.2,40072.5,55001.2,63577.9,77915.6,90483.4,100074.6,112532.4,4248.9,8307.6,15154.4,23491.2,30707.8,41875.4,57257.8,77263.8,98888.6,117445,133566.7,159227.2,12362.4,25137.5,38916.5,57758.5,74150.5,96162.6,118741.2,144572.3,177114.3,196899.4,216288.9,250992,12487.5,26854.2,42922.9,55857.2,71384.5,93634.5,113052.5,131464.9,152157.8,167806.8,179200.5,206423.6,9537.5,18956.4,32940.4,47991.2,59309.1,76668.8,93877,112216.5,138840.6,166289.1,190631.1,228443.1,13956,26128.3,48274.5,66441.5,82750.1,104930.2,123050.6,140281.8,159450.3,178702.9,198088.9,230365.5,11847.9,23574.3,43014.9,56647.2,74387.1,101637.1,131589.5,150640.7,168915.8,204348.7,228566.4,270258.5,15546.4,34953.5,51565,70403.7,102896,129374.9,162839.4,191194.4,229153.2,282071.2,323686,404458.8,30773.6,60072,93109.8,137184.8,182844.3,210414.9,258140.1,314327.7,349847,,,
Мурманская область,1538.7,2860.5,4622.5,6723.1,8370.5,10439,12628.7,17674.1,20886.5,24164.8,28185.1,34379.2,2442.2,4956.5,7311.2,9776.5,12234.6,15713,19169,23128.1,32051.7,35140.4,39274.6,45333,1999,4294.6,6397.9,9063.6,10925.8,13514.9,16169.4,19161.3,22417,28140.6,31747.9,37883.2,2321.1,5563.3,9238.3,12673.7,19648.6,24135.8,28191.7,33925.6,39068.4,45669.9,51183.6,60734.4,5539.6,8038.6,16935.4,24100.6,29446.5,33359.8,41401,47028.6,53205.9,59762.2,65777.5,77052.6,4425.3,8309.9,17865.8,26891.3,32439.5,47655.2,57761.6,71611.7,82135.8,91862.5,105113.6,116664.2,4160.1,10598.7,22532.8,28285.9,41892.4,55481.6,69488.6,78027.1,87967.5,107939.9,118519.6,139008.5,5342.6,11034.7,18005.1,25390.4,31239.5,40329.1,48550.8,60578.2,70378.9,79318.5,89849.3,118526.8,9736.3,15402.4,27764.8,33160.4,39872.1,49564.1,55838.3,67390.9,74284.8,81266.7,88562,96957.8,5122.9,8796.9,13555.3,18539.2,22556.4,26487.7,34080.5,37874.5,44881.8,,,
Новгородская область,3008.7,6607.7,12502.2,15788.6,19688.6,25707.5,31666.7,37857.1,46853.2,54302.5,60275.1,58217.5,1628.4,3298.5,6033,7605.1,9484.2,13196.8,16831.5,21060.4,24789.6,29195,32167.5,37324,658.2,2156.5,3880.2,5530.8,8545.4,11578.3,13511.6,14922.7,17259.7,20000.2,23109.5,25952.1,419.3,1013.5,1654.8,3012.7,4203.4,4762.8,5518.6,5851.9,12063,12949.6,13456.5,15048.9,252.4,981.3,1539.9,2092.6,3764.9,5953.4,7387.5,10156.1,12319.2,14964.1,16663.2,18572.2,2863.3,3621.1,4801,6217.8,7329.8,9105.3,10734.5,12153.5,14527.3,16947.6,19446.5,22239.7,1654.8,2976.7,3943.6,4876.8,6425.7,9104,12269.2,13901.1,17890.5,22604.9,25434.8,33840.4,959.1,2075.1,3255.9,4969.3,7243.6,10063,15234.2,18553.2,22559.7,28111.2,33554.1,40369.2,1399.4,2658.2,6636.7,9697.5,12119.6,14956.2,19245.2,24418.3,28201.3,31383,36003.5,41739.8,1679.2,4858.9,7432.8,10019.5,13204.8,15904.6,19853.4,23292.8,28203,,,
Псковская область,446,914.9,1487.4,2158.2,2664.5,3848.6,4772.6,5919.1,7073.7,9334.3,11487.4,21101.3,939.2,2416,4219.5,5443.8,7957.3,10463.1,12346,14089.5,16304.9,18918.9,22727.2,25274.4,521.3,2218.6,3664.5,5525.2,7273.5,8715.2,12022,14125.2,15965.8,20930.9,23179.1,26727.9,504.6,2060.4,3494.6,4930,8358.1,11174,14489.5,16916.4,19308.6,21705.1,23601.9,28787.6,350.1,891.3,1761.2,3031.6,4211.3,5584.2,7233.1,12392.6,15154.7,17995.2,19686.6,24760.3,495.4,998.2,1919.8,3668.8,6726.5,8384.2,12185,14592.8,16435.2,17964.2,19891.4,24368.7,1247.8,2610.5,4149.4,5864.1,7231.9,9376.5,11916.4,15202.9,20728.7,24017,26186.5,31712.3,473.3,1015.2,2643,3363.5,4934.5,7733.1,11220.7,13975.3,18016.4,24131.3,27461.6,32809.2,546.8,1254,3120.8,4069.4,6167.3,9303.8,13478.4,16146.9,20004.3,23431.9,27299,32908.3,1528.8,3244,5606.5,7322,9674.9,13080.7,14870,16602.3,17911.3,,,
г. Санкт-Петербург,18478.8,40620.1,71120,103810.3,133084.7,168478.4,206850.2,241042.2,289056.1,327406.5,364369.7,626076,27387.7,54299.7,90744.8,130531.4,167732.5,217536.3,262131.2,307530.5,357316.9,406906.9,451840.4,517477.2,28223.7,55064.9,91530,130578.5,174680.6,231573.7,286778.8,334123.8,388543,441061.7,497060,564787.6,29688.3,65990.5,92415.9,121261.5,154294.8,197867.7,242687.7,285527,325860.7,376510.1,418936.5,469271.5,29262.5,55615.5,93993.4,127811.9,159857.7,199780.1,237994.8,272791.7,310656.4,355028.8,389374.9,438926.5,26637.5,54456.6,81840.4,117249.2,152360.1,189499.3,228503.9,267309.4,314495,363116.9,412689.2,468449.8,28801.6,59112,94364.1,128554.7,164501.5,207781.3,247061.8,290193.4,337020.3,382221.4,430820.2,508530.3,31298.7,61010.8,105349.5,146624.1,188892.9,239222.7,287363,337011.5,391673.3,446565.5,497779.4,578377.8,22315.6,58572.2,99407.2,142297.5,191045,253481.3,303048.7,358404,410484.8,473917.9,534091.6,655581.1,30135.5,70096.7,119253.1,170124.7,223522.8,286879.9,345665.4,404768.3,465523.3,,,
Южный федеральный округ2,14176.3,34640.2,58296.4,90747.4,119495.4,153845.6,188606.2,234112.2,291053.9,338437.2,402417.1,563542.8,28472.1,58768.7,96120.1,139262,188542.8,256121.3,315017.2,381446.4,443559.2,507876.6,583555,688675.6,28366.1,67268.4,110054.2,174194.5,231729.7,305056.4,368739.9,424961.6,488208.2,565004,654686.5,757941.5,29279.5,56973.1,115322.2,177088,234450.2,295298.7,359346.2,416969.6,494217.8,577170.9,645329.6,734512.8,39328,82835.7,136072.3,195231.1,255730.6,322934.1,386933.4,448659.3,525425.4,600875.5,670006.3,762653.5,34484.8,73957.5,129522.3,183493.3,241965.1,316928.8,391416.6,453844,537516,621695.9,728024.2,850913.8,42479.3,82155.5,133992.8,195518.5,276324.1,365936.8,468359.7,557326.9,653279.6,753283.7,855077.9,1004332,52822,118986.1,204847.3,299405.6,388415.6,488071.7,588845.9,691371.6,800313.9,905303.1,1008181.6,1176739.1,49784.3,104629.6,192189.1,304818,413317.7,531045.3,649100.9,777825.1,909388.4,1018342.7,1141907.7,1351268.3,55236.6,119181.5,224685.3,330493.3,442546.1,547466.1,666565.5,774092.1,886172.1,,,
Республика Адыгея,526.2,1148.4,1741,3315.7,4223.3,5138.4,5400.6,6025.1,6690.2,7713.1,9645,12868,431.8,757.7,1218.4,1617.5,2134.3,3243.3,4163.1,5576.4,7223.3,8827.3,9762.9,12704.4,740.2,1130.1,1462.3,2227.3,2824.3,4623.1,5971.5,8639.8,10317.7,12029.6,15684.4,19454,356,729.3,1965.3,3542.2,5739.6,7860.1,9874.3,12839.9,15293.8,17552,21353.6,25473.1,656,1122.7,2363.4,3689.7,5224,6915.6,8918.4,10982.2,13204.4,16083.1,19297.8,22669,642.1,1324.4,2533.8,4001.5,5403.3,6990.7,8664.9,10929.2,13390,15989.5,19004.7,22338.5,1267.6,2332.7,3508.3,5135.4,6614.8,8617.1,10800.7,13310.5,16207.5,21441.6,25660.7,30605.6,2092.2,3093.9,4402.3,6111,9075,11900.4,15283.7,17999.7,19976.9,24139.5,29049.4,34188.7,722.7,1870.5,3086.6,5468.7,7797,8510.5,11060,13224.6,15884.7,18964.5,22870.1,27888.7,871.4,1916.2,4450.5,7876.2,15341.1,18008.2,24898.8,26679.3,28259.8,,,
Республика Калмыкия,72.7,127.6,192.7,261.4,332.8,407.9,484.3,556.4,648.8,751,862.2,1320.8,21,80.6,174.6,267.3,446.9,811.2,1216.2,1682.9,2142.3,2556.9,2733.8,2945.5,36.2,76.4,222.2,384.6,923.6,1517.8,2083.6,2772.8,3752.6,4848.9,5523.2,6495.1,37.6,86.6,262.1,482,1134.4,1998.1,2501.5,3439.4,4703.4,6068.4,6946,7418.2,665,786,1150.6,1750.1,2245.9,2838.2,3500.3,4664.9,6042.5,6735.6,7447.8,8748.3,78,175.7,275,473.9,972.3,1528.3,2162.2,2492.3,2900.3,3460,4029.5,4713.3,139,251.4,458.7,727.6,1351.5,1982.7,2922.4,3589.6,4398.4,5635.4,6469.2,7928.8,355.4,573.4,736.7,1680,2739.8,4715.7,6498.7,7462.3,7651.4,7969.7,8219.7,8646.1,5224.6,5340.9,5454.3,5575.7,5691.1,5845,6083.9,6420,7159.9,8670.7,10473.6,10868.1,117.9,202.4,313.3,530.4,626.3,739.3,859.3,975.3,1227.2,,,
Республика Крым,53,170.3,337.8,622.5,1037.3,1536.1,1834.2,6456.4,11280.3,12054.8,13466.4,16019.6,510.6,1344.1,2040.8,3609.8,5718.4,8479.4,12001.7,15872.6,19477.1,23119.4,37164.1,51085.8,1034.3,11978.4,19070.4,36700.1,48426.3,61581.9,75502.7,78690.6,82880.1,104183.5,134859.2,151953.8,5349.6,6588.2,27331.9,38440.2,50813.2,64528.8,76295.2,89464.4,101748.8,115002.3,126588,138846.6,10800.3,20737.9,32189.9,43375.6,53784.6,66614.3,78861.9,90038.7,106526.6,119534.4,130948.6,142865.9,4952,11415.6,21425.4,29559.9,36008,43851.5,50704,55716.6,65468.1,77058.6,86940.1,102472.7,5046.1,11317.5,16872.7,25541.1,40539.7,55097.2,68156.4,79982.7,94035.3,102944,108814.6,138706.8,3980.8,18571.8,29147.5,37449,45693.1,53582.8,61805.3,80870.9,98457,108082.6,121687.2,157448,2623.3,6399,13854.4,25190.2,37767.8,48490.1,59461,72246.9,84834.2,95058.6,106265.9,125676.5,5514.9,12223.8,27608.7,43890.4,58915.5,77062.8,93135,106324.5,130528.2,,,
Краснодарский край,6852.8,18872.2,31400.8,48972.4,62822.5,79340.3,95354.3,114148.4,143335.8,163022.6,188554.9,252093.4,14984.1,31917.7,53333.8,75861.5,99381.2,133070.8,155851.5,183203.2,207560.5,233322.8,264820.8,308669.3,16734.8,33262.6,52289.3,77347.3,100725.2,132239,160090.3,185753.8,213021.8,241913,271041.1,311056.1,12123.3,28519.3,50458.2,78917.2,100003.6,121691.9,147873,168681.8,193201.7,218242.1,245324.7,280753.7,16198,37247.4,60420.3,84667.9,108697.8,133439.5,157126.4,179099.2,206526.1,237442.4,262997.7,293715.7,15816.9,32320.7,51277.8,71594.6,97712.5,130101.8,158724.9,184984.2,217776.5,253714,286251.1,325673.7,16380.7,32358.7,54962.9,77281.7,105108.7,137182.9,179995.7,208414.8,241111.1,278773.7,322638.5,377375.1,20100.2,40676.7,64609.8,99263.5,131154.2,173028.5,219300.8,254737.9,289887.4,332123.5,374454,431504.8,21015.4,47208.8,81834.6,129098.5,173994.4,227824.3,278456.1,321394.3,374018.8,414904.3,464962.4,554811.4,29950.6,62255.6,109177.5,147164.8,181517.1,212316.1,254484.3,294142.1,327140,,,
Астраханская область,680.8,1417.2,2439.7,4392.6,5803.1,7261.8,9379.3,11572.3,13040,14057.2,15794,26473.6,605.9,1567.3,3274.4,4884.2,6208.1,8765.2,13404.2,16885.7,23204.9,27995.3,30305.2,39579.2,2285,3109.7,5046.5,8121.5,10077.1,13551.4,16615.2,19359.3,22979,25705.8,28606.8,40964,909.5,2666.6,5410.1,7822.1,10597.5,13440.2,17460,21019.1,26743.4,31217.5,35096.8,40399.5,2451.2,3973.4,6295.2,8466.7,13033.9,17305.3,20529.8,23395.6,26373.6,29604.6,34617.2,41350,801,1759.1,3697.3,6787.8,8461.1,12113.3,18311.9,21098.4,23451.3,27392.8,51354.5,60128.9,1540.6,3347.2,5408.2,7088.3,10252.9,12044.2,17909,19961,24410.8,28615.7,31047.1,41305.5,2421.7,5112,7916.4,11417.4,13362.8,16092.5,18584.5,20947,24378.3,26852,29340.3,37815.9,5614.5,6466.3,14499.9,16085.2,17961,20249.7,23427.3,26826.5,29533.4,33031.2,35977.8,40839.4,670.4,1478.2,3164.1,7683.3,9666.1,12036.8,14141.6,16467.4,20015.9,,,
Волгоградская область,2929.1,5906.1,11820.5,17796.6,22608.1,28186.1,33520.3,39083.6,45141.3,50492.2,55402.3,77005.7,2598.6,4982.1,9752.1,14525,20094,28383.7,37789.3,47354.7,58084.2,67986.9,76770.3,91870.9,2554.3,5489.9,10745.4,16555.8,21496.8,30038.3,35773.2,42212.5,49229.1,55066.9,63992.7,77636.7,3059.7,6060.9,9403.7,15796.3,20611.5,28337.1,34216.1,39490.6,44776.6,62654,69158.8,79020.6,3606.2,7439.3,12285.8,17052.8,23482,31055.9,38619.2,45370,52558.9,59732.1,66914.8,80261.3,2979.2,7167.8,12980.2,17134.3,22079,28369.6,33783.5,38907.3,45501.5,55488.5,67613,85655.3,2938.4,6304,11872,19797.3,26077.9,34167.2,43620.9,54333.2,67184,78493,91307.6,106328.5,5715.5,11095,28816.4,44876.6,58234.5,67169.3,77359.1,86141.2,94906.8,104102.7,112768.4,131042.5,5194.2,13585.4,20607.4,28228.5,39024,53021.4,61395.3,74578,90454.6,104501.9,117618.6,144870,4276.2,10228.9,17993.4,25303.5,35492.1,44337.6,62996.3,78500.9,91710.8,,,
Ростовская область,3114.6,7168.8,10701.7,16008.7,23705.5,33511.1,40501.8,53696.8,67825.1,86579.6,114671.8,159300.6,8996.5,17143.9,24858.9,36338.1,51607,69379.3,85207.8,104233.2,118358.5,135953,152767.5,171252.6,4765.3,11850,20534.1,31269.2,44668.5,57153.3,67062.6,80352.5,94030.3,107208.3,119737.8,133262.3,7351.3,11848.7,18571.5,28771.4,40339.6,50475.4,62542.9,72386,96352.7,112812.8,125302,143940.5,4671.4,10539.5,19357.6,32900.7,44981.7,57956.1,71806.3,85495.9,103220.8,119250.9,133531.4,157059.8,8117.6,17739.2,30696,45916.5,60147.5,80268.2,102044.5,119918,147257.4,165825.5,188108.7,222863.7,8005.6,17275,28328.1,44780.9,69744.5,94582.4,117738.5,148374.8,171090,198641.4,224847,252545,17009.9,36224.9,61419.4,87108.1,112753.7,143111.2,167579,198272.2,237239.4,271041.8,298094.8,333913.5,8423.4,19719.8,46730.5,85495.3,118391.1,148822,189198.9,240128.2,267866.2,298077.2,323298.1,364433.9,13249.3,28031.6,51165.8,85482.1,117929.1,152105.4,183322.5,213299.7,247454.3,,,
г. Севастополь,177.3,394.6,568.6,776.3,1016.7,1555.1,2131.4,2573.2,3092.5,3766.7,4020.5,18461.1,323.6,975.4,1466.9,2158.5,2952.9,3988.4,5383.5,6637.7,7508.3,8115.1,9230.5,10568,216.1,371.3,684,1588.7,2587.7,4351.6,5640.8,7180.3,11997.6,14048,15241.2,17119.5,92.6,473.5,1919.4,3316.6,5210.8,6967.1,8583.3,9648.5,11397.4,13621.9,15559.6,18660.6,280,989.3,2009.6,3327.6,4280.8,6809.3,7571.1,9612.9,10972.5,12492.4,14251,15983.5,1098,2055,6636.7,8024.8,11181.5,13705.4,17020.6,19798.1,21770.9,22767,24722.7,27067.8,7161.4,8969,12582,15166.3,16634.1,22263.1,27215.9,29360.3,34842.7,38738.9,44293.4,49536.7,1146.4,3638.5,7798.8,11500.1,15402.5,18471.4,22434.9,24940.3,27816.9,30991.4,34567.8,42179.6,966.1,4039,6121.4,9676,12691.3,18282.3,20018.4,23006.6,39636.5,45134.4,60441.2,81880.4,585.9,2844.8,10812,12562.6,23058.9,30859.9,32727.7,37702.7,39835.9,,,
Северо-Кавказский федеральный округ,3715.5,9887.3,18550.7,29055,42250.9,58999.4,78197.2,97419.2,123876.9,151524.8,197368.5,272664.4,12339.3,18846.2,51767.6,67042.6,85050.7,107198.2,125622.1,146854.9,179825.9,210861.2,235088.5,310232.1,9349.7,20819.6,41041.4,67008.4,93757.6,125247.3,161433.5,196449.9,228842.3,255601.3,283043.8,339653.5,5438.2,18704.3,43081.3,72382.2,106400.4,146428.9,189104.5,226621.4,272141.7,313166.1,354969.2,417844.9,4527.2,17747.9,40539.4,65557.8,94715.2,133110.3,174963.8,217893.1,274129.5,319856.3,362040.1,430622.8,12330.4,28481.5,60445.7,85829.3,122839.2,170086.9,213294.4,265202.7,321476,359155.4,404716.7,476554.3,12829.7,29111.3,58353.7,101675.1,143936,188240.5,224022.9,279930.9,358593.9,413205.3,483007,541545.7,23154,53246.7,99106.9,148591.2,204258.5,254882.4,318410.3,379486.7,441813.6,494950.9,551909.8,635463,22884.6,50846.2,92420.6,143854.7,206528.2,268239.6,331338.7,411107.4,526806.6,612732.5,676915.1,759292.8,25734.8,55022.6,101211,153053.6,215751,285696.2,376428.9,447638.8,570117.1,,,
Республика Дагестан,774.1,2605.9,6027.6,10440,16839,25308.6,34613.9,43562.8,54653,64008.6,88730.4,133440.4,8892.2,11359.4,38359.7,44441.9,54178.1,63176.7,68548.2,76588.7,92161.6,109168,117195.8,153083,1668.2,5524.6,13412.3,23103.3,34463.4,47814.8,64971.4,74929.5,84933.7,96267.4,107179.6,135068.3,1392.1,5559.4,14779.7,26391.2,40491.5,56968.1,76463.7,92269.6,108729.4,124509.7,141840.4,170615.7,1723.8,5621.6,13539.2,20452,33035.3,50630.5,71263.3,87808.6,109870.3,131099.1,149439.9,180977.8,2568.6,8001.7,18213.7,27340.4,42024.8,59540.1,75834.4,97095.1,119588.1,132707,154416.3,189606.8,2620.3,9622.4,23527.5,39484.9,61312.9,74974,87135.1,112559,140729.8,164866.3,189530.3,201441.9,7502,17468.2,33325.4,51538.5,72659.5,88739.5,105509.8,132641.8,151112.3,165522.7,179676.8,215807.8,8035.4,18496.7,35539.3,54778,76836.5,93971,112023.7,137664.7,160306,174618.7,189851.5,228797.2,8374.1,19721.3,38125.9,58399.6,82036,101379.6,121022,146764.6,171505.7,,,
Республика Ингушетия,503.4,1004,1254.2,1606.5,1835.2,2329.1,2831.5,3257.7,3791.9,4332.8,5933.9,8209.7,225.5,431.6,576.6,807.4,872.6,970.4,1170.9,1587.9,2265.7,3474,4558.6,6229.1,502,958.9,1259.9,1723.3,2095.7,2418.6,2726.4,3232.5,5065.9,7360.7,10155.8,13914.3,787.1,1557.7,2241,2888.1,3501.9,4152,4807.5,6502.6,8274,10138.4,12527.7,16175.7,98,200.5,313.1,1312.2,2012.5,4115.5,5938,6737.1,7259.7,9963.8,10941.2,11436.1,186.2,555.2,873.6,3059,5681,7993.9,9272.4,11631.9,13089,14458.3,15074.3,16702.1,375.6,934.4,1535.7,4047.3,5600.7,7776.3,9874.8,11177,12769.1,14178.1,15232.9,18099.3,513.9,1295.9,2058.1,5161.9,7131.7,9758.4,12325.5,13991.2,15975,17688.1,19105.3,22026,456.8,1145.5,1843.9,4733.2,6526.8,8930.6,11290.6,12815.2,14691.5,16302,17651.2,20425.8,151.1,1017.4,1889.2,4213.8,6509.8,9287.2,12675.9,14208.2,16115.4,,,
Кабардино-Балкарская Республика,95.5,235.5,1100.1,1582.4,2124.5,2988.8,4224.7,4986.6,6375,7421.3,9327.3,14881.1,115.1,544.5,1105.3,2210.1,2617.3,4967.7,6285.8,8718.4,9617.2,10782.2,12666.6,15384.9,111.2,323.7,1053.4,2188.5,3095.5,4867.9,6130.3,9122.1,10900.9,12223.5,13966.2,18337.6,142.8,385.6,1574.8,2799.9,4344.7,6164.1,8153.7,10705.2,13120.5,14974.7,17449.2,23883.1,219.2,543.3,1717.4,3603.8,6148.4,8871.1,11670.3,15470.5,18715.3,21497.1,24258,28350.1,273.6,663.4,1853.5,3646.6,6012.8,8552.7,11249,14879.4,18227.7,21262.9,24509.6,29228.6,299.6,726.5,2036.8,4080.2,6844.7,9977.5,13235.5,17610.7,21635.9,25299.1,29166.2,34477.9,534.3,1036.3,2646.6,4989.9,8322.3,11974.4,15609.3,20537.1,25186.2,29308.2,33652.1,39260.1,660.9,1179.4,2862.8,5495.4,9022.1,12936.3,16840.6,22033.8,26895.5,31282.2,36127.2,43640.9,863.8,1572.4,3532.6,6148.4,9926.6,13877,18006.8,22972.2,28130.2,,,
Карачаево-Черкесская Республика,259.5,888.5,1193.5,1374.9,1897.5,2834.2,3535.6,4670.6,5802.6,8124.7,9419.2,13678.3,523.5,1110.8,1618.3,2687.7,3201.4,4456,5171.3,5977.6,6981.4,8476.7,10266,14271.4,415.6,879.7,4019.8,4582.2,5610.5,7291,8387,9926.1,11413.3,13396.4,14447.7,16352,479.6,1243.8,1855.2,2116.7,3199.6,5251.8,6519.8,8739.7,10186.9,12585.2,13988.5,16269.1,245.1,2638.8,4317,5335.4,6906.2,8047.3,8926.9,10425,11282.7,12343.8,14675.5,16410,1070.8,2966.4,6708.6,7324,9206.1,11806.4,13045.1,14046.3,15207.6,17671,20603.6,23126.9,727,1746.2,3330.1,4027.4,4555.3,5952.6,7032,7938.1,9368.4,12569,15715.6,21224.6,164.5,1167.3,2751.4,4119.7,5676,6736.2,7319.4,8092.4,10030.3,13217.2,17551.6,21877.6,180.8,638.2,2063.4,2908.1,3593.2,4628.5,5082.2,5606.9,9401.4,14051.9,19913.5,22138.1,767.9,1226.3,2626.1,3290.9,4156.8,5945.5,8080.5,9036.9,12201.9,,,
Республика Северная Осетия - Алания,337.5,1063,1940.1,3372.2,4640.9,6131.5,8639.1,9693.6,12414.4,15463,19868.9,23990.2,140,323.8,1149.7,2435.3,3841.1,4740.8,5922.3,6808.2,7841.2,8510,10142.2,13761.3,361.3,773.2,1973.9,3532.5,5691.9,7174.8,10653,12829.1,14458.7,15487,16974.1,19052.4,456,1100.4,3303.4,3910.9,4743.6,10630.6,13339,14716,16822.8,19353.8,19859.9,21427.1,585.2,1165.3,3001.7,4569.3,5225.2,6661.9,8123.5,9763.5,11091.7,14978.5,15692.1,17746.2,902,2392.3,3595.8,5026.1,6234.1,7565.9,9133.6,10780.7,12161.9,13705.9,15148.5,16694.3,1360.8,2736.7,4084.1,5408.2,6851.6,10254.1,11946.9,13667.2,15077.3,16926.8,18855.7,24290.5,1474.1,2995,5062.3,6368.3,7631.4,11698.7,14643.7,16902.5,18274.3,21587.9,23746.1,27775.5,1644.2,4188.4,5654.8,7282,8832.9,11738.9,15513.8,18401.2,20009.9,23722.2,29547.9,35800.2,1474.9,3459.3,4527.7,6357.8,8739.6,10411,15826.4,16446.1,18273.5,,,
Чеченская Республика,228.3,494.4,767.7,1228.3,1671.3,2199,2568.3,3762.9,8086.3,13760.4,20189.3,26494,231.3,513.7,1232,1661.2,2578.5,4203.9,7214.4,8986.6,12638.7,13991.7,15514.1,29672.7,891.6,1697.8,2910,6965.9,10205.1,13236.5,15555.8,26429.1,33013.6,36317.7,37618.3,45221.7,215.5,792.6,7008.1,11111,16239.8,18306.3,21498.8,27284.2,34269.2,39804.2,46432.8,52947.4,214.1,1615,4360.2,10480.1,13744.6,17487,19993,24214.6,32655.7,34785.7,37620.5,45736.9,648.9,1595.9,7945.5,10988,15146.2,24219.3,30230.6,34651,49951.4,56355.2,62340.3,68600.2,245.9,1224,6350,11996.6,15258.9,23317.8,28213.6,40739.3,58326.8,63842.1,79061.2,87267.3,181.1,4694.2,13276.9,21715,30390.6,40281.8,55880.2,69356.2,86644,96680.5,106414.8,121138.8,1910,5135.6,7843.1,18943.9,28989,41954,53612.2,75858.2,131555.6,154710.8,158370.4,167894.6,4792.3,7847.4,13472,20353.2,32932.7,44935.1,69617.1,83412.6,141470.6,,,
Ставропольский край,1517.2,3596.1,6267.5,9450.8,13242.5,17208.2,21784.2,27485,32753.6,38414,43899.5,51970.7,2211.6,4562.4,7726,12799.1,17761.7,24682.6,31309.3,38187.4,48319.9,56458.7,64745.2,77829.6,5399.8,10661.6,16412.2,24912.6,32595.4,42443.7,53009.6,59981.5,69056.2,74548.5,82702.2,91707.2,1965.1,8064.8,12319.2,23164.4,33879.4,44956,58322.1,66404.2,80738.9,91800.1,102870.7,116526.9,1441.8,5963.4,13290.8,19805,27643.1,37296.9,49048.8,63473.8,83254.1,95188.2,109412.9,129965.6,6680.4,12306.6,21255,28445.1,38534.2,50408.5,64529.2,82118.3,93250.3,102995.2,112624.2,132595.2,7200.5,12121.1,17489.5,32630.5,43511.9,55988.3,66585,76239.7,100686.5,115523.9,135445.2,154744.2,12784,24589.7,39986.1,54698,72447,85693.4,107122.4,117965.5,134591.5,150946.3,171763.3,187577.3,9996.5,20062.3,36613.2,49714,72727.7,94080.2,116975.6,138727.4,163946.8,198044.7,225453.5,240596,9310.6,20178.4,37037.5,54289.9,71449.7,99860.8,131200.2,154798.3,182419.7,,,
Приволжский федеральный округ,46358.5,99892.1,171612.9,248326.5,318233.3,416846.4,520234.2,624313.7,739129.7,866819.2,1004379.2,1307540.6,56946.3,115843.6,203562,286655.9,379441.8,508513.8,635016.5,771062.2,917990.4,1060273.7,1203014.8,1366814.1,54510.2,116457.8,195110.8,275734.9,367633.3,488459.3,609162.6,735619.5,872959,1020505.4,1158209.8,1337438.4,52868.8,113663.6,195133.2,283644,376791.4,509276.7,646838.9,788876.7,957396,1140442.9,1297440.4,1499687.1,63146.7,137101.3,221222,316741.4,417176.2,557420.1,706499.9,849671.3,1019244.8,1175151.5,1321303.3,1516676.2,57605.8,127149.8,223485.1,323204.8,427604,593994.9,767628.7,946163.4,1144249,1343579,1515561.6,1805033.8,82699.4,173135.8,291485.7,418514.8,551546.4,743579.4,955017.5,1176933.7,1412049.4,1654178.7,1890864.5,2226115.8,96246.5,209948.6,349433.5,504974.5,700693.8,957618.1,1199260.6,1471630.2,1749491.2,2050851.2,2322655.7,2712301.6,115943.9,244472.5,403115.7,581150.7,796101.3,1082667,1341576.4,1600170.6,1909988.5,2210811.6,2531946.5,2984185.5,127127.2,286423.5,455459.8,656252.6,884782.6,1158127.9,1439795.2,1720544.1,2029987.5,,,
Республика Башкортостан,7156,15446.4,33065.6,45399,57059.2,75077.7,90646.1,109721.9,132364.9,150930.5,169408.9,191359.1,9645.9,20759.5,33396.3,48473.5,62176,80326.7,99048,117753.6,138287.3,160459.8,178107,195779.5,8821.5,18687.1,29583.3,41310.5,54134.7,69860.3,86614.6,104935.4,122308.3,142132.6,162443.2,190419,8441.5,20546.5,32691.2,45846.8,61357.4,79029.5,94936.2,114343,134969.8,162108.2,194955.6,229538.4,11968.4,24128.2,36066.8,49055.4,65256.9,85337.1,105697.8,125366.9,146360.1,165470.3,185752.6,216543.7,9143,19550.5,34433.4,49389.1,65179.7,84200,108904.2,134107.3,162357.6,189596,216839.4,257852.8,13393.4,30312.5,48633,69742.4,90535.7,115035.7,144095.6,172251.8,203407.4,233199.3,267906.7,302414.5,17146.9,34154.2,55297.4,77898.9,106117.7,146054.4,178916.4,217688,254603.1,303306.2,346640,403332.3,20202.5,43273.4,74908.5,102779.2,137303.4,186976.1,218966.1,259947.7,314777,369205.9,412580.5,481117.3,20487,55496.5,97026.9,136881.8,167036.1,201967.6,231310.4,268718.1,298267.2,,,
Республика Марий Эл,340.7,1040.1,1827,2458,3223.6,4738.1,6078,7742,8581.7,9510.4,10280.1,13214.7,532.1,1214.3,2052.2,2850.8,3556.7,4599.6,6083.9,7828.2,9610.8,11243.3,12603.3,13739.7,400.4,904.8,1722.5,2238.8,3120.6,3983.6,6130.8,7623.9,9215.4,11403,12841.3,14694.8,234.5,716.2,1494.5,2190.5,3122.5,4925.1,6839.1,9576.5,12348.9,14435.6,16049.9,18028.3,557.5,1401,2100,3263.9,4530.8,7068.3,9707.6,12538.1,15285.4,17663.1,18973.5,21718.2,554.6,1136.9,2099.9,2890.2,4025.8,7323.5,10281.5,13522.1,17257.5,20313.6,22900.4,26474.2,2091.5,2590.5,4284.3,4789.1,6505,9050.5,12417.4,15058.5,18183.2,19809.5,21047.6,23361.2,1694.3,2261.5,3381.1,4351.3,6404.5,10533.7,14429,19456.1,22049.8,24418.5,27196.3,30188.9,577.5,1101.2,1670.4,2162.6,3077.8,5313.3,9201.9,12119.9,14217.4,15296.8,16334.8,20121.4,2023.8,2534.9,3846.3,4488.4,5471.9,7048,8161.5,9423.3,12015.7,,,
Республика Мордовия,836.3,2376.6,3245.6,4830.2,5567.4,8008.4,10384.8,14064.9,17286,19671.7,21909.7,28080.8,1238.3,2419.8,4160.5,5782.8,7761.8,10026.5,12337.9,15410,19804.1,22626.7,30790.6,33020.4,1274.1,3274.2,8100.6,9983.5,12084.1,14135.2,16097,18014,20211.3,21693.4,23398.7,25450.4,1167.7,2473.9,4472.6,5735.5,7381.1,10214.8,13525,17097.7,20291.9,23211,26480.3,29398.1,1069.8,2379.1,3322.4,4656.5,6667.9,9706.2,13086.1,16475.4,19381.9,22013.2,24508.4,26142.6,466.9,1211.6,1930.3,2939.9,4778.4,7925.5,11181.3,14691.9,17904.7,22118.6,24941.8,29639.5,695.6,1603.8,2568.9,4239.3,6096.7,9051.7,12704.5,17110.8,22381.1,25805.2,29981.2,35445.2,817,2497.8,4135.2,5360.6,7303.2,13201.8,18341.4,21582.3,24588.9,26199.2,29033.4,34989,1736.6,3380.4,4474.6,5335.3,7736.5,10426.3,15513,20694.8,23822.8,27912.4,31517.6,35994.8,4134.1,5752,7138.7,9013.4,12149.1,15929.4,18876.2,21854,23592.7,,,
Республика Татарстан,10624.4,23441.5,36683.6,51457.4,67336.1,86269,106745.8,128085.5,150437.4,186786.7,230505.5,336856.6,9922.9,23489.9,42936.3,60006.1,82810.6,122984.6,154706.3,184048.1,223299,263700.3,308861.6,344427.1,11638,25460.8,42742.6,60833.5,84224.9,120151.1,154653.1,185077.5,221864,265539.7,307587.6,349096,12118,24404.6,42759.4,61839.1,82337.8,114143.1,150100,184700.3,228521.4,275748.5,316967.3,364230.7,12771,27513.4,49683,70731.2,91605.4,119937.3,154391,188392.4,237126.7,276046.1,317254.7,363130.7,12836.3,28279.8,51508.8,72947.6,96903.6,129421.8,166274.2,211198.1,253381.8,307637.7,359730.4,416227.4,14358.7,32319.7,60674.8,92182,121446.3,163515.9,211881.9,269753.4,328757.2,408319.3,489003.3,573145.3,20933.8,45258.5,85155.9,126405.3,173078.2,233524.3,299751.8,369465.6,450164.9,532924.8,617535.6,708076.1,27336.3,59747.9,108138.9,166591.5,230710,316089.1,397247.6,477151.3,588995.4,686858.1,797093.6,908872.8,27237.8,60062.6,109848,168903,243322.2,348181.1,443840.5,539013.7,671977.1,,,
Удмуртская Республика,1927.6,4128.7,6483.6,8689.7,11400.8,15203.4,18904.1,22211.4,25494.6,28436.5,31545.1,42729,2509.1,5088,8184.4,10921.2,13485.9,17109.2,21437.8,24953,29333.9,33280.8,37212.1,40987.7,2968.9,4943.4,7563.4,10636.2,12821.7,15867,20172.9,24424.7,28561.8,32851.5,36329.2,40975.3,2927,5064.9,7503.7,9426.9,12100.1,17323.7,21451.8,26022.8,31789.5,37988.7,43365.7,49706.5,2223.4,5290.6,8194.7,11331.4,15705.5,22092,28453.3,35006.3,40811,46171.1,50599.3,55990.5,1881.4,4516.7,7974.9,10866,14208.1,20666.6,28382.5,34134.5,39574.7,45058.6,49829.4,61284.1,2513.9,5421.5,9107.9,12591.5,15925.5,23008.4,29009.3,36217.3,43606.1,49504.3,55809.4,65004,1975.9,3279.6,4950.8,6980.8,10000.8,13776.3,19230.1,26965,31858.8,40745.8,45944.1,65605.4,2811,6391.9,11213.7,14232,19485,28037.7,33307.3,39901.1,46961.2,53499.6,60268.1,77672.4,2774.7,8792.1,12566.6,16894.5,24821.8,30045.2,38022.1,54857.7,63481.2,,,
Чувашская Республика,2147.1,4706.3,7486.3,10208.7,12463,15261,18546.2,21682,24899.6,27897.4,30604.3,35842.5,1887.9,3124.2,4935,6634,9108.1,12503.4,15597.7,18753.4,22653.3,25903.5,29142.3,33865.2,1118.9,2494.8,4041,6007.3,8231.7,11297.4,14699,18917.4,24074.6,29639.2,33749.1,39599.4,1029.1,2524.9,5040,7119.1,9223.1,12097.9,15061.6,19049.4,23132.5,26759.1,30120.4,38530.7,1723.4,6570.5,8513.8,10457.4,12878.1,16193.2,20098.2,23572.7,27083.9,30077.5,32954.6,38243,1083.5,2395,4091.9,6101.8,9094.1,13694.5,18410.7,22916.4,27364.2,34452.1,39189.8,45482.3,2311.7,5019.3,7817.2,10097.1,13324.9,20269,26215.7,33752.4,38986.6,44364,50237,58497.6,2147.2,6835.9,11128.3,15844.6,24345,32708,41495.8,48605.5,56191.9,62834.1,68155.8,76972.7,3475.1,6496.7,9726.3,13413.1,17192.8,26361.2,31999.6,37200,46155.7,53905.1,62081.7,74752.7,6045.9,10060.8,14056.3,18517.9,24080.9,28317.2,33249.4,41136.3,47067.6,,,
Пермский край,4082.3,8867.6,14677.9,20909.4,27460.9,36558.6,45376.3,53236.6,62414.2,69452.2,79886.6,104939.1,5160.4,10427.7,18563.8,26214,35282.2,46612.8,56147.5,65859.7,77757.7,88714.4,99997.5,118037.3,5075.6,11193.8,19291.3,25791.5,33702.3,44849.7,54781.2,65011.9,77240.1,87679,99491.2,120213.5,4516.7,12194.2,22486,34521.3,43330.2,56435.9,69297.1,83131.7,95275.4,108682.7,121456.4,144726.4,9532.6,18029.1,30915.3,43417.7,53980.8,69648.1,81741.9,94486.7,108752,121485.3,133543.6,153129.3,7085.4,15621.1,28407.8,39697.1,50153.6,65079.1,78353.4,94103.4,111071,125411.7,139840.3,163753.1,7410.4,15647,27735.3,44087.2,56400.4,72303.8,90250.8,106453.9,125006.7,142046.3,158492.4,195349.9,9566.7,24129.8,39626.7,55253.6,77106.2,100216.1,120618,142844.4,164363.5,189814.6,215341,259670.9,12703.9,29233.5,47382.3,66831.3,87783.7,113739.9,138211,164682.6,191768.7,221433.7,249688.8,302570.4,13578.7,28804.5,46402,66103.3,84067.3,104110.4,131286.1,154867.9,180885,,,
Кировская область,1217.1,2949.4,5504.7,8380,10392.1,13556.7,17966.4,21703.2,24543.5,26683.3,29210.4,33672.5,2028.3,3388.1,5304.8,7041.8,8856.7,11768.1,14880.1,19591.1,24678.6,27501.4,29888.5,32297.5,1640.7,3222.6,5309.8,7080.4,9397,13553.1,16746.6,20866.4,25384.9,28512.8,30699.9,33388.4,1874.1,2956.4,4617.2,6174.9,8714.1,12864.3,16845.1,20681.8,24774.6,27503.9,29768.1,32950.9,1339.9,2871.8,4378.5,6011.5,8872.4,12820,16913.4,19933.2,23812.2,27399.5,29356.4,32132.6,1522.2,3265.4,4914.8,6564.1,8948.7,13111.4,16820.1,20392.3,25701.4,30330.2,32691.6,35753.3,1543.4,2950.4,4526.8,6873.8,9485.9,13742.9,17978.5,24677.5,29186.9,34032,36606.9,39969,3221.2,4484.8,6500.8,8060.2,11111.3,18876.4,23335,30535.3,36471,43862.3,47416.4,52828.6,1714.7,3858.1,6170.3,9056.7,13347.8,18871.2,26503.5,33764,38320.3,42231.5,46861.5,54602.2,3066.9,9640.1,12245.8,15490,20187.4,25711.7,31544.3,38562,44599.6,,,
Нижегородская область,5598.8,11512.4,19621.3,31820.3,40133.6,52301.5,64622.1,75491.8,90997.2,108658.8,124441.5,153216.2,6229.9,13444.4,25873.1,36831.9,49169.5,63635.4,83963.3,101779.1,118503.8,133278.1,147116.4,168993.3,5230.9,10592.6,20976.9,31775.5,42682.2,53631,68142.5,81324.2,94618.5,108690.7,121774.7,143775.9,3920.1,11542.6,22751,38333.8,50105.1,64997.1,82331.2,101045.2,118524.8,148539.1,165428.7,181487.9,6458.6,16458.3,26562.2,40196.8,53393.6,73254.2,95072.5,112320.4,128758.3,151592.4,168519.2,192855.6,7424.9,18485.3,29135.5,41036.7,52079.5,75736.9,94076.3,111172.7,131838.7,152636.6,169067,206120.4,7260.3,19134.5,30007.5,42579.3,56793.3,86201.4,111202.9,134492.5,159248.2,187029.3,206414.1,249244,10536.2,24957.2,39683.4,55732.2,73638,105752.7,135775.7,165057.4,198156.7,233186.6,260754.2,304666.8,11852,25890.5,41904.3,64599.8,90705.3,118982.4,146618.7,165093.5,184366.1,205683.5,238754,270547,11167.1,24176.3,37330.2,52813.9,77291.9,106642.3,141914.9,172776.8,199113.1,,,
Оренбургская область,1385.6,3170.8,4951.3,7107.3,9741.1,14148.6,18643.7,22753.8,27346.3,31904,36508.9,49750.8,2138,5153.6,8300.4,11864.6,15977.3,22260.8,28056.6,34338.3,42158.1,49525.3,55547.5,62949.9,4350.2,8688.9,14714.6,19738.4,26872.5,35590.1,40671.1,48209.9,58397.9,64707.1,68827,78643.5,5549.6,9964.2,16237.5,21671.1,28974.6,38117.9,48801.6,57459.6,68046.7,77183,85644.3,101307,3548.6,6955.2,11793.9,15679.8,21994.3,30507.9,37642.4,49715.3,63624.9,72763.4,79915.6,89728,2629.7,5496.2,9979.6,15541.9,21539.6,32290,42263.1,49493.9,58284.9,64856.1,70568,96742.5,3212.2,8120.6,13717.8,20098.1,26966.8,37683.1,46892.4,57551,68791.4,76501.4,88087.9,99925.6,2428.8,6840.1,10993.2,16192.4,26033.5,36734.5,49557.6,63191,76440.2,89744.9,101550.4,118319.5,8602.3,15646,21337.7,27518.3,34114.1,45405.1,53875.6,64010.3,76383.6,90325.1,116854.9,142854.9,10742,19943.3,26785.6,37326.9,50185.1,64151.7,76303.6,89129.6,102905.8,,,
Пензенская область,904.9,2097.8,3823.7,6087.7,8254.6,11267.3,14681,18399.4,22366,25644.4,29214.8,33648.4,1288.1,2794.8,4698.1,6609.5,9310.6,12444.5,15862,20149.7,23046.9,26086.6,29007.7,31959.5,1143.1,2959.4,4693.9,6409,8323.7,11739.6,15568.6,19639.3,21912.4,25215.7,28445.8,31499.6,1546.4,3893.9,6302.6,8957.2,11361.4,15144.2,18796.1,23047.3,26739.5,30216.1,32923.2,39153,1510.9,3226,5141.8,8056.3,11555.2,16203.7,21968.7,26290.1,32821.6,38191.4,42633.4,48195.5,2645.7,5704.4,8840.3,11637.1,15805.1,20604.6,26234.8,29644.9,36464.9,44197.1,49062.7,53193.9,4348.7,10519.4,13979.2,16162.6,19347.9,22641.4,27123.8,29556.4,34280.2,38601.5,44147.3,57435.1,2493.2,6629.3,8885.3,13026.1,17360,21745.7,27807.4,34130.5,39511.4,47080.9,53629.5,59860,3064.1,5417.6,8403.9,13107.5,18000.7,24152.3,30473.8,36099.7,46089.3,55970.7,60562.2,66712.3,4463.8,12192.4,15974.3,24283.9,32388.2,37917.6,44832.8,49464.8,53586.3,,,
Самарская область,5386.4,11653.5,20748.8,29865.1,37902.5,48728.6,61786.9,75222.1,89485.9,110693.8,130498,187629.5,6543.2,13576.2,28898.1,39277.9,50601.6,66433.7,81423.3,105727.9,124849.7,142247.3,159723.9,191782.1,7031,15963.6,22315.2,33343.8,44659.1,57771.3,69549.9,85157.9,101018.6,120248.3,137805.6,159193.6,3924.1,8085.9,14473.6,22612.5,31749,48530.8,63967.8,79940.7,99039.8,122586.3,137492.1,163261,5920.6,13858.8,20935.4,31147.7,40312.4,54355.1,70453,83963.8,100945.4,119382.6,142364.5,168286.7,7151,14520.1,26932,41908.5,55053.6,79881.8,104125.8,133787.5,166242.3,192071.6,215765.5,253927.2,12320.8,22025.2,41023.8,56084.2,73088.5,100580.1,128873,152933.3,188246.8,220497.1,246133.6,283406.8,13754.1,30184.9,46840.4,67840.1,90270.2,116220.8,144881,173858.7,204412.4,235789,268084.6,301898.8,9971.9,21713.3,34887,49473.1,68469.4,95297.1,121831.7,152207.1,181590.1,215788.1,250712.3,288602.3,7831.5,22129.6,33817.3,48837.5,66821.9,92135.7,118758.4,142182.4,171066,,,
Саратовская область,2918.5,5074.4,7783.7,11982.4,15386,20965.6,27817.9,32329.8,36817.7,41404.8,46846.3,54852.7,6027.3,7905.1,10728.3,15954.2,19756.3,23751.5,28445.3,34272,39985.6,46896.8,51539.4,59974.4,1782.1,3981,7829.1,11912.7,15813.8,21721.4,28306.7,35571.4,42086.4,48516.2,54799.6,63768.4,2230.8,4817.5,7708.3,11373.5,16633,23372.6,29657.6,34964,42873.3,51743.1,58547.7,66526.2,3405.3,5889.8,9042.1,14865,19975.9,26511.6,32756.8,39185.5,48275.4,56329.5,60705.6,72131,1952.6,4234,8736.8,14003.4,19668.1,30516.3,43637.9,54441.2,70286.3,85089.9,92758.9,121151.7,9564,14111.1,20391.4,28553.6,40475.3,49808.1,70706.6,95304.3,114443.7,131892.8,148060.3,185668.2,6849.5,12829,21397.5,37305.9,58165.5,80058.2,90639.7,116156,141385.6,161286.9,178998.4,222813.1,8687.9,16821,22813,31526.9,47936.3,67718.8,87722.5,102129,114367.8,126315.4,135883.4,198039.6,10196.5,20378,29073.1,44213.9,59733.4,72680,92590.4,105194,123884.7,,,
Ульяновская область,1832.9,3426.6,5709.8,9131.1,11912.4,14761.7,18034.7,21669.4,26094.8,29144.6,33519.1,41748.8,1794.9,3058,5530.5,8193.5,11588.5,14057.1,17026.9,20598,24021.6,28809.4,33477.1,39000.2,2034.8,4090.7,6226.5,8674,11565,14308.6,17028.7,20845.6,26064.8,33676.2,40017,46720.7,3389.3,4478,6595.5,7841.7,10401.9,12079.7,15228.8,17816.7,31067.8,33737.7,38240.9,40841.9,1116.6,2529.4,4572.1,7870.7,10447,13785.5,18517.1,22424.6,26206,30566.2,34222,38448.7,1228.7,2732.9,4499,7681.4,10166.2,13542.9,18682.9,22557.4,26519.2,29809.1,32376.4,37431.5,1674.9,3360.4,7018,10434.5,15154.2,20687.1,25665.2,31820.4,37523.9,42576.9,48937,57249.2,2681.5,5605.9,11457.4,14722.5,19759.6,28215.3,34481.9,42094.5,49292.9,59657.4,62376,73079.6,3208.2,5501,10084.6,14523.3,20238.3,25296.3,30104.1,35169.5,42173.2,46385.9,52753,61725.3,3377.4,6460.5,9348.7,12484.3,17225.3,23290.1,29104.5,33363.6,37545.5,,,
Уральский федеральный округ,36820.6,74425.8,135884.6,181326.3,226298.9,286111.8,350780,412073.9,474078.4,554384.7,622487.2,854442.6,41047.7,91060.9,155490.9,219835,285026.7,363857.1,438712.4,520399.7,601006.1,684528.9,763365.7,874544.1,81781.7,160904.9,268406.9,357062.2,448393,557821,660947.1,770131.2,919469.8,1032742.5,1149051,1331562.9,58193,132680.2,233151.5,336905.1,438251.7,540716.2,644981.6,756715.9,873135.5,986869.6,1099603.7,1264369.5,77057.4,172387.6,290787.7,408983.4,513525.4,634902.7,751705.9,899564,1065372.1,1203289.6,1324559.9,1508205.5,75372.5,157484,275167.8,405755.2,546805.1,703299.4,845141.1,1002035.9,1173935.1,1336438,1501490.8,1718595.3,86188.6,191533.6,333228,475957.9,607295.3,763615.3,916574.3,1102375.3,1267162.2,1446201,1620158.1,1860904.2,104564,220277.8,362546.5,508039.5,652449.1,812104.9,996037.6,1172385.2,1350342.9,1527290.2,1740738.8,1988258.3,123306.6,256180.1,416319.5,566066.9,743846,929419.6,1111529.4,1295790.9,1500500.5,1685958,1879363.3,2167115.9,118599.5,271381.1,442655.4,645815.5,812798.6,996893.4,1211778.3,1408354.2,1618678.5,,,
Курганская область,396.9,834.8,1488.4,2006,2855.7,4113.2,5190.2,6369.1,7611.2,8600.3,9720.7,12214.2,265.2,2670.7,2861,4493.3,5152.4,6245.8,7449.1,8571,9928.8,12487.4,13221.1,13973,593.5,1107.7,1608.1,2051.6,3070,5094.1,7091.4,8776.3,10846.4,11921.3,13109.9,14906.9,404.4,772.2,1338.6,1807.3,2571.2,4728.2,7113.2,10301.7,13734.7,16210.6,18787.2,21664,310.2,765.5,1591.5,2281.1,3846.5,6050.8,8627.4,11163,14161.6,17009.8,19919.3,23328.2,402.2,926.2,2004.7,2610.9,4067.1,7192.5,10390.1,13507.8,17076,19905.4,22516.4,24920.2,1088.5,2275.7,3399.8,4332.2,5743.1,7522.6,10210.4,12703.5,15299.3,19342.5,23212.5,27181.2,1044.5,2323.5,3711.8,5183.4,7226.8,10223.6,13086.7,16432.5,20107.2,23153.3,26188.4,30764.4,1575.7,2425,4522.7,5625.9,8429.2,11491.8,14595,18356.4,21942.5,25045.3,29584,35144.4,1433.3,2642.1,4135.6,5341.5,7575.8,10735,14062.8,17388.8,20432.1,,,
Свердловская область,5281.5,10609.7,18036.9,25155.2,32676.2,41789.7,51087.7,61191.5,71682.1,86043.3,96651.8,185498,7574.8,18237,30143.7,42310.1,56241.9,72321.5,88881.9,108676.8,124931.2,145055.7,163537.6,188226.8,10355.8,22534,37448.5,51541.7,65934.9,84413.4,101216,119971.5,139856.2,157621.7,181894.6,210622.8,8274.9,18988.3,33251.6,46441.1,61869.7,78722.4,96276.2,113989.8,131153.6,150611.5,165171.6,199593.8,11623.6,24179.7,38579.6,53871.9,70966.9,93764.9,115044.8,137346.1,159899.5,182718.7,200297.4,226786.9,11355.4,24123.9,41187,59469.7,80890.7,107154.4,134072.8,162716.5,194989.6,226048,254930.9,287594.5,16247.7,34221.1,54308.8,78226.8,103037.8,133299.6,166542,198379.4,233186,266740.3,303253.4,346597.2,16195.4,37264.2,65188.1,93333.4,125178.8,168865.9,214278.7,258715.9,301328.8,344004.5,392750.6,450516.4,26544,56354.3,92209.8,130881.6,171123.8,222450.9,276224.5,332893.2,391087.3,441711.9,490241.5,560169.6,32757.7,69552.9,116625.9,174593.4,222581.3,277315.5,343056.4,399692.9,459871.5,,,
Тюменская область,27670.6,55595.6,104617.9,137674,170486.4,215875.7,265634.6,307697.7,349460.6,405265.8,447914.6,534031.8,27180.7,57914.3,102470.9,145508.7,187371.8,239873.8,287230.7,337617,390320,439178.2,490714.4,565906.3,64539.3,125090,209634.5,275890.3,343150.9,423384.5,497930.7,575573.4,692664.4,775398.3,857452.9,996360.7,42576.7,98397.8,175723.6,257951.1,334940,409925.5,483404.1,565861.3,650540.4,729449.2,816570.3,933180.7,56178.6,129886.1,223667.5,315857.7,390443.9,473216.9,551450.5,662212.5,790065.2,889862.5,978556.7,1116973.8,53934.2,111461.2,198782,298690.5,403095.5,516599.4,613429.7,722248.4,843407.9,955844.6,1074895.3,1238933.8,56905.8,131611.2,233593.5,337486.9,427022.8,531117.9,627719.3,760531.9,866713.5,987986.2,1101322,1274054.6,70515.8,147336.5,243964,343663.1,434878.1,530197.2,643931.5,755198.9,869029,975630.2,1113238.6,1262262.7,75711.1,156629.2,257029.1,345466,454821,560120.8,656119.7,750370.7,861360,960323.9,1069647.5,1245020.7,62029,153471.9,250074.5,367957.3,458643.5,555041.9,669731.6,775672.5,886136.3,,,
в том числе: Ханты-Мансийский автономный округ - Югра,7831.7,19730.4,35459.3,50224.6,60907.4,75968.6,94678.8,106189.7,118625.8,136537.3,149350,196975.4,13264.9,28597.3,49789.5,67102.9,85819.9,107857.7,126884.5,145777.4,165642.5,183056.1,200695.2,227074.9,22087.6,48758.7,78454.6,104721.7,132930.8,162547.4,189105.6,213998.8,247276.4,273569.9,296772.9,336103.9,19073.1,41172.6,66562.2,90655,114483,140533.5,164636.2,191719.3,225142.9,254328.5,283718.5,324683.8,23896.6,51964.2,88538.8,119737.5,148534.6,177778.7,205414.7,231566.7,263620.9,299356.1,330698.5,367911.4,20654.3,43751.4,72697.5,102476,128733.7,163206.5,202295.3,235699.8,269181.4,305514.5,342318,400898.2,25950.5,55941.1,92152.5,124688.6,156402.4,187816,223618.4,261922.6,296671.3,333644.9,366670.2,417435.5,37922.2,75128.6,114526.8,152692.4,184155.7,217287.4,255691.2,295178.1,335878.8,371425.8,419305.7,477540.3,37132,75490.9,122183.1,162436.9,205196.7,250181.5,290127.8,328935.1,376487.4,417054.4,465067.8,543155.2,34830.4,78394.7,122700.2,171942.3,209358.4,247404.3,288066.7,333054.3,383238.7,,,
Ямало-Ненецкий автономный округ,11237.7,22069.2,42957.2,51819.5,65512.9,80455.5,95342.6,110126.6,122920.8,143119,159656.1,177220.5,6869.4,14168.1,25754.6,40234.5,50569.4,66540,77423,90784,104154.1,114223.4,130252.3,157482.2,32969.3,58074,97975.5,125276,146784.2,176031.9,203414.2,236975,303898.9,332923.1,366710.9,424490,15823.2,39054.7,77631.4,118861.4,147355,176921.2,206097.1,234120.8,266907.1,296300.4,333066,389750.4,24336.3,59942.2,108007.4,153868.3,185953.3,220369.1,253236.9,323072,403055.8,449471.2,492982.8,574861.6,27823.9,55334.9,102277.7,160961.5,228210.9,289420.3,329699.1,389782.4,461138.1,521595.1,589332.3,673927.6,22172.4,57866.2,109253,167146.2,211769.5,262810.9,303559.4,375668.4,424096.1,487615.7,546943.6,635916.1,23458.1,52038.9,93647.1,137192.8,177591.8,219804.7,268180.8,315839.1,369085.7,422291.6,493704.2,558846.2,32653.2,67657.6,107004.2,140768.3,187135.7,225602.5,260430.9,295741.8,338343.2,377089.7,420595.5,481590.8,18368.4,47856.5,81592.9,127796.4,158661.8,189038.6,232130,267338.9,302282.9,,,
Тюменская область без автономных округов,8601.2,13796,26201.4,35629.9,44066.1,59451.6,75613.2,91381.4,107914,125609.5,138908.5,159836,7046.4,15148.9,26926.8,38171.3,50982.5,65476.1,82923.1,101055.6,120523.3,141898.7,159766.9,181349.2,9482.4,18257.3,33204.4,45892.6,63436,84805.2,105410.9,124599.7,141489.1,168905.3,193969,235766.8,7680.4,18170.6,31530,48434.7,73102.1,92470.9,112670.9,140021.3,158490.4,178820.3,199785.8,218746.5,7945.7,17979.7,27121.2,42251.8,55956.1,75069.1,92798.9,107573.8,123388.5,141035.1,154875.4,174200.7,5456,12374.9,23806.8,35253.1,46150.9,63972.6,81435.3,96766.1,113088.4,128735,143245,164108,8782.8,17803.9,32188,45652.1,58850.9,80491,100541.4,122940.9,145946.1,166725.6,187708.3,220703,9135.5,20169,35790.1,53777.9,73130.6,93105.2,120059.6,144181.7,164064.6,181912.8,200228.7,225876.2,5926,13480.7,27841.8,42260.8,62488.6,84336.9,105561,125693.8,146529.3,166179.8,183984.2,220274.7,8830.2,27220.7,45781.4,68218.6,90623.3,118599.1,149534.8,175279.3,200614.7,,,
Челябинская область,3471.6,7385.6,11741.4,16491,20280.6,24333.1,28867.5,36815.7,45324.5,54475.3,68200.1,122698.6,6027,12238.8,20015.2,27522.8,36260.6,45416,55150.7,65534.9,75826.2,87807.6,95892.6,106438,6293.1,12173.2,19715.8,27578.5,36237.1,44929,54709,65810.1,76102.7,87801.2,96593.6,109672.5,6936.9,14521.8,22837.7,30705.7,38870.8,47340.1,58188.1,66563,77706.7,90598.3,99074.5,109931.1,8945,17556.3,26949.1,36972.7,48268.1,61870.2,76583.3,88842.5,101245.8,113698.6,125786.4,141116.6,9680.7,20972.6,33194.1,44984.1,58751.7,72353.1,87248.5,103563.2,118461.5,134640.1,149148.1,167146.7,11946.5,23425.5,41926,55911.9,71491.6,91675.2,112102.6,130760.4,151963.5,172131.9,192370.2,213071.2,16808.3,33353.6,49682.5,65859.6,85165.4,102818.3,124740.7,142038,159877.9,184502.1,208561.2,244714.8,19475.8,40771.6,62557.9,84093.3,109472.1,135356.1,164590.2,194170.5,226110.8,258877,289890.3,326781.2,22379.6,45714.2,71819.3,97923.2,123998,153801.1,184927.6,215600,252238.6,,,
Сибирский федеральный округ3,21019.2,50850.3,90896.9,132734.1,176384.1,230519.8,286154.5,348260.2,408351,468570.6,527917.3,789888.9,39292.9,79685.8,128115.1,181687.2,241125.4,308409,390179.5,471436.4,567933.9,642953.2,713567,803760.9,35021.7,75912.9,125056.6,175258.9,235078.4,309641.8,386322.9,472920.1,565381.9,649380,667290.5,746459.4,37627.5,82178.6,134749,185905.2,250997.9,342624,426153.5,521456.1,607319.1,692943.3,766189.7,862644.6,41416.7,83664.8,133251.6,187585.7,252739.2,337797.1,425107.9,515280.1,608088.5,689610.9,771076.1,887046,45542.4,94217.1,161095.7,237079.3,317464.6,420346.5,518011.2,624180.7,744544.1,860264.6,973068.4,1137098.6,67365.2,136237.3,229900,342264.5,446652,576614.8,707524,859716.6,999618.3,1151764.8,1308359.3,1505319.1,86038.8,179611.3,284179.8,390870.7,502424.3,649072.8,809267.5,968205.3,1145933.7,1312268.3,1485488.2,1702607,92849,197815.6,316851.5,448221,586275.1,729560.4,892460.8,1050815.1,1210869.8,1391242.7,1586860.7,1835348.2,111154.3,232270.5,370156.8,528238,678316.9,843875.7,1021118.2,1189723.3,1347876.4,,,
Республика Алтай,134.1,576.7,788.3,1198.9,1842.2,2900.7,3967.9,5007.8,5719,6234.5,6580.6,7524.6,263.6,579.4,988.9,1241.8,2130.5,2918.8,3675.3,4277.3,4605.7,5346.8,5669,6412.8,140,392.1,629.5,975.7,2012.2,3455.4,4619.8,6039.3,7318.4,7962.9,8470.2,9491.4,189.5,392.1,608.3,1143.1,2434.3,4121.5,5708.9,7394.8,8561.9,9794.5,10824,11877.9,61.6,177.5,484,706.4,1476.6,4040.3,5020.8,6300.3,7510.2,8195.2,9541.5,10132.2,92,148.1,463.3,690.7,911,1975.2,3357,4621.2,6020.1,7188.6,8109.9,8871.9,895.5,1535.8,1930.1,2453.9,4013.6,7122.8,10693.8,14844.4,18824.2,20421.8,21658.9,22704.8,82.3,281.5,688.4,2175.4,3594.6,8711.2,15854.6,22620.5,27903.1,33014.2,36504.2,42089.6,342.8,856.7,1570.7,3332.5,5711.9,9239.6,13419.4,18320.7,22779.7,27154,31177.5,32511.1,1039.5,2381.5,4793.2,6173.9,7726.2,9131.5,11974.8,15890.1,18280.8,,,
Республика Бурятия,464.9,976.3,1533.8,3518.8,4525.4,6105.4,8152.7,9415.8,11029.1,12211.2,13160.3,23580.3,450.8,821.9,1525.4,3069.7,5236.4,6939.9,10057.9,12624.8,17096,21012.7,25013.4,31505.1,510.1,1153.3,2326,4891.5,6998.3,9887.2,12836.1,16261.3,19751.2,22723.7,,,,,,,,,,,,,,,,,,,,,,,,,,,,,,,,,,,,,,,,,,,,,,,,,,,,,,,,,,,,,,,,,,,,,,,,,,,,,,,,,,,,,,
Республика Тыва,24.6,44.9,177.1,227.1,433.7,763,1237.1,1866.9,2681,3197.6,3305.1,4922.8,38.3,114.1,247.7,483.6,993.3,1636.6,2322.9,3232.2,4421.9,5251.9,5856.5,6549.6,254.9,347.3,748.2,1135.4,1501.4,1966.7,2565.6,3179.1,4049.5,4621.1,5205.8,6391.9,434,628.9,1257.8,1861.8,2411.6,3399.5,4175.6,5168.5,6719.9,8010,9262.5,11062.2,369.6,464.7,774.9,1101.1,1749.5,2371.5,3622.2,4179,6634.9,8188.6,9159.2,12104.3,124.7,558.8,738.6,1183.1,1720.7,2478.5,3539.3,4302.1,5658.9,6712.9,7784.3,8976.6,134.9,647.3,782.6,1254,1964.4,2705.9,3654.9,4422.5,5362.3,6213.6,7319.2,9541.8,651,1271.5,3155.7,4065,4735.3,5846.2,7149.1,8174.7,10589.9,11699.4,13973.5,17917.6,995.2,1802.4,3944.2,5073.8,6140.2,7593.9,9890,11847.7,17337,19223.1,21099.4,26631.6,758.6,1261.6,1621,2524.8,3545.7,5712.2,7530.6,10793.5,17277.3,,,
Республика Хакасия,727.9,1332,2338.1,3431.7,4448.8,5258.1,5919.4,6544,7235.5,7966.5,9082.6,15056.5,1558.7,2132.1,2710.2,3885.6,5134.3,5996.2,7389.9,8766,9835.8,10674.2,12200.3,14544.8,667.4,1377.2,2026.9,2836,3747.7,5267.4,6640.5,8284.2,9887.2,11668.3,12707.6,15348,1274.6,2487.5,4153.7,5673.4,7160.6,8609.1,9860.8,11259.6,13441.9,14841.9,16301.7,17967.7,1480.9,2517.8,3544.6,4611.2,5805.9,7865.7,9797.8,11973.7,14119.6,16060.2,18025.4,19812.1,1012.6,2136.2,3287.4,4524.8,5941.2,8470.5,10303,12563.8,14867.5,17077.8,18865.9,21377.8,1633,3178.8,5090.8,7774.8,10646.6,13190.3,15623.1,18067.5,20436.3,22437.7,24430.9,26569.3,1990.5,3626,6156.3,8609.8,11303.3,13416.7,16224.3,18925.2,22646.8,25910.5,29113.6,33140.3,2396.3,4705.3,7551.4,10461.2,12883.7,16369.7,20057.8,23067,26375.1,30133.6,33459.9,38696.7,2620.6,6284.6,11137.2,14045.7,17164,25846.3,30370.3,34694.4,38555.3,,,
Алтайский край,1019.7,2064.2,4024.8,5313.8,8247.3,11689.7,15072,18455.9,22782.1,25388.1,27603.8,45834,2001.3,4286,7118,9013.2,12686.1,18109.1,24537.3,32153.6,39463.9,44563.3,49349.6,56493.5,1179.4,3271.6,5529.2,8368.9,11797.4,17999.9,24423,31692.3,38659.4,43993.6,49062.7,54195.6,2050.8,4630.2,7775.6,10458.1,14362.2,19808.7,27422,35232.2,40834.4,45378.9,50296.1,58395.2,2701.9,5405,8678.1,12366.2,17902.2,24622.3,32941.3,40341.7,47303.2,54672.2,59635.8,67043,2240.4,5631.6,8581.4,12635.2,19036.4,27785.4,36514.8,46518.3,56267.9,66449.5,72336.3,79113,2803.5,6110.4,9693.4,13331.2,20441.4,28140.5,39137.4,47890.9,59608.2,68031.8,74973.6,81457.7,2886.8,6759.9,12314.2,16616.7,24723.4,34710.5,46459.2,56853.7,67006.9,76197.1,83314.7,94032.6,4793.3,9086.9,13661.8,20620.2,30304.3,40534.1,48733.7,59342.5,67170.2,84341.1,98707.9,108835.8,5136.3,9282.9,15022.8,24712.7,33498.5,44900.9,64181.6,77830.5,90448.7,,,
Забайкальский край,440.4,1308.7,2615.1,4222.1,5824.4,7932,9772.8,12704.1,15327.6,18017.1,21165.8,28749.9,1229,2700.7,4516.4,6612,8711.1,11059.8,14536.9,18225.6,21076.5,23820,27036.2,30516.9,1030.5,2472.9,3948.9,5863.5,8257.4,10624.6,13333.9,17553.2,21594.8,25009.8,,,,,,,,,,,,,,,,,,,,,,,,,,,,,,,,,,,,,,,,,,,,,,,,,,,,,,,,,,,,,,,,,,,,,,,,,,,,,,,,,,,,,,
Красноярский край,7420.1,17256.1,31926.5,44266.7,57438.8,75490.2,93142.7,111102.4,126991.1,148264.6,170379.1,201674.6,11699,22186.4,35078.7,47043.9,62254.7,76617.9,92100.1,108186.8,125761.9,141845.2,157948.8,177180.9,9123.3,19214.1,31284.6,43134.4,57895.6,72363.9,85924.4,100632.2,120046.6,135553.5,149016.5,165170.9,9667.9,19407.8,30427.5,39888.9,50186,62648.5,79061.2,94643.7,108906.6,124563.7,137990.8,157227.2,9485.4,18484.4,27568.3,40452.1,54067,69352,83524.2,98284.3,114730.1,132788.2,149132.8,176762.5,8646.9,18932.4,32883.2,48855.4,65134.1,84598.7,104704.3,127410.9,149851.4,172884,195789.7,226482.9,14623.4,31404.2,55505.4,81731.2,110404.5,142232.7,173891.9,210661.6,243152.5,276363.7,308760.7,352243.3,23056.8,46306.4,75434.6,105502,135723.7,169584,205618.3,244708.5,281346.4,318746.1,365128.9,424975.5,25835.3,53925.4,91463.6,134267.3,173419.4,207923.3,258223.3,303301.9,349432.1,399621.5,457463.9,529145.4,39710.3,84411.1,129034.2,186280,239037.5,287422.4,339312.7,388926.1,429609.8,,,
Иркутская область,1034.1,5383.5,11436.5,18607.1,23097.7,28671.4,34947.9,44559.1,51985.6,59683,69720.6,131836,7519,13620,18055.3,25921.4,32921.5,41153.3,59488.6,70186.4,96494.3,109405.4,117679.4,130347.8,4992.5,10568.2,15893.5,22468.5,30481.8,41659.7,52658.8,64883.1,79176.3,89167.3,100712.4,113826.4,3870.8,9681.3,16120.4,24946.5,40249.6,67801,77805.6,100375.2,114346.2,129377.9,143283.2,158311.4,4736.9,8860.2,13909.6,23204.6,34595.7,47186.4,65821.5,87243.7,104029.7,117881.8,132138,164413.5,13510,23028.1,39398.7,62058,79778.6,102000.1,119230.5,137532.7,165567.4,191504.1,223946.3,280899,18974.6,31168.5,53060.9,91269.2,112981.1,146658,169108.6,206223.3,235479,282027.4,332455.4,398189.2,23481.6,43482.3,64747.8,86090.7,103380.6,135889.3,168114.7,199489.7,249264.9,292035.8,340594.3,390939.2,12082.2,28909.1,46809.5,68796.2,91792.6,118148.4,142949,169994.5,194972.3,221066.9,259299.7,308320.7,13775,28695.8,47668.2,70723.6,94727.1,121955.6,148235.5,169879.3,191373.5,,,
Кемеровская область,4682.9,9494.3,15419.2,23041.7,30927.6,40403,50444,61185.9,72162.9,81898.3,90097.4,95732.5,6018.9,12392.7,21200,30678.9,40700.3,51586.2,61602.6,73937.3,86000.2,96572.6,106495.6,117662.3,8236.7,17161.1,26763.4,35503.6,44325.4,54547.1,66617.1,79381.7,91871.4,106204.3,117888.1,130050.6,9198.7,17831.8,28606.1,40499.6,52669.7,68058.7,83461.8,96668.2,112064.4,127581.2,139197.7,156019.2,8418.3,17970.3,27281.5,37164.3,47078.5,61508,72498.3,84149.5,96568.6,107061.4,118651.6,130829.3,6091.1,13243.5,23694.9,33755.1,48033.7,62705.8,77654.7,95282.8,109869.9,126057.2,142540.9,160187,10044.7,20832.1,34322,47148.7,61894.2,79261.6,95643.1,113893.1,130203.2,147868.9,163857.1,186842.9,11807,25719.1,39794,55359.5,71252,88531.2,108521.9,128266,149014.5,170901.6,190490.7,214688.6,13323.9,27409.3,42421.2,58101.3,76750.6,95992.8,116158.8,134605.5,154022.4,177837.8,197725.4,229336,17407.8,33730.7,52248.8,69480.6,87109,105106.5,125041.1,142662.2,161895.4,,,
Новосибирская область,1883.5,3886.1,6668.5,8727.4,11000.2,14758.5,18647.2,22016.2,26612.1,30890.8,32855.9,114883.5,4210.4,9584.5,17414,25840.5,34812.7,47810,60842.2,75607,87816.3,97187.8,106741.6,117545.6,4847.6,10114.3,17736,24580.6,34503.6,48292.7,62318.8,78380.3,94683,110593.1,120677,132879.4,6285.3,13010.7,21754.7,28374.4,38990.4,51614.3,67136.3,83915.4,98229,112783.9,123621.4,137383.1,7354.8,14891.2,23555.9,30859.3,41920.8,56999.1,72748,87851.4,105557.9,119667.8,133814.2,149076.9,7026,15545,24646.4,33989.8,45866.4,63106.6,79998.8,99309.1,118572.2,137113.6,152380.3,170450,9995.7,23085.3,36113.7,48513.8,62807.9,81152.6,101533.9,123044.2,146165.1,170140.7,189856.5,219139.8,13737.1,31657.8,48429.8,63231.8,83334.4,110606.2,137979.5,166826.2,194207,221393.5,246662.9,279077,22245.7,46176.1,70396.9,93805,121340.7,147718.3,179492.5,208927.4,238241.9,273794.6,306166.6,348415.7,22694.3,46535,71940.4,97072.2,123909.7,154856.1,188883.6,221888.5,254141.7,,,
Омская область,1182.5,3405.2,6053.4,8720.1,13750.7,18326.3,23521.3,30340.3,36606.8,42660.1,48605.2,62668.4,1659.1,5006.2,8074.7,12312.9,16356.5,21441.9,26431.7,32763.8,39439.9,46681.1,55118.6,64752,1610,3982.8,8341.7,12476.6,17691.6,24414.8,31599.9,39271.6,46756.1,56161,64405.6,74079.1,2227.9,8760.2,14369,19812.4,25540.3,35223,44956.8,55187.2,67187,78363.5,87609.3,99500.4,4209.1,9216.4,17044.4,22628,30282.6,41904.8,51094.6,60019.7,70928.8,79556.1,89353,98666.3,4710.5,9565.9,18528.1,25861.8,33850.8,44440.6,55081.4,63723.9,78512.4,88960.3,98206.1,111892.8,5626.3,11887.1,22441.4,32636.2,40540.9,50837.6,66199,81874.1,94012.8,106242,124395.8,138706.6,4215.7,11909.9,19876,30133.9,40858.1,52676.3,67346.3,79748.9,94443.7,104310.8,114810.3,129971.1,6345,15230.9,22542.2,31366.4,39377.2,49963.2,60056.6,71954.1,84318.6,94813.9,110497.9,128308.1,4955.8,12494.6,20424.7,30340,39007.5,49730.6,61918.4,76109.3,88490.3,,,
Томская область,2004.4,5122.2,7915.6,11458.7,14847.3,18221.4,21329.4,25061.8,29218.2,32158.6,35360.8,57425.8,2644.7,6261.9,11185.7,15583.7,19188.1,23139.3,27194.1,31475.7,35921.7,40592.2,44458,50249.4,2429.3,5858.2,9828.7,13024.3,15865.9,19162.5,22785.1,27361.9,31588,35721.2,39144.7,45026.1,2427.9,5348.1,9675.9,13247,16993.3,21339.5,26564.6,31611.3,37027.8,42247.9,47802.9,54900.2,2598.3,5677.3,10410.5,14492.6,17860.3,21947,28039.2,34936.7,40705.5,45539.4,51624.5,58205.9,2088.4,5427.4,8873.7,13525.4,17191.7,22785,27627.6,32915.8,39356.5,46316.6,53108.6,68847.4,2633.6,6387.6,10959.6,16151.5,20957.4,25312.9,32038.3,38795.2,46374.7,52017.2,60651.1,69923.7,4129.9,8597,13582.9,19086,23518.9,29101.2,35999.6,42591.9,49510.5,58059.3,64895.1,75775.5,4489.3,9713.6,16490,22397.2,28554.4,36077.1,43479.6,49453.8,56220.4,63256,71262.7,85147,3056.1,7192.8,16266.5,26884.5,32591.9,39213.6,43669.5,51049.5,57803.5,,,
Дальневосточный федеральный округ3,14111.8,28367.9,49769.2,74723.7,98501.9,129570.3,166763.9,206369,249892.4,293530.9,336332.5,428416.8,20630.2,43681.8,77904.5,114965.8,150678.2,201535.9,238463.1,284720,335684.3,383187.5,432391.6,484641.1,32560.6,61159.5,94552.1,137543,173814.3,224818.4,270600.9,323198.9,369398.7,417971.1,518422.6,601734.1,39952.5,75495.9,127559.9,196239.9,253237.1,323862,408199.7,484147.6,561514.4,647481,724628.6,831580,36474.3,71696.9,119736.6,172505.9,232710.6,298576.1,359901.8,431425.2,499757.8,591659.8,685051.4,831736.1,38324.3,80775.9,149403.1,223012.1,288717.8,366120.4,443560,529368.2,606722.4,689225.6,783996.8,895177.4,38703.7,84707,167132.6,279548.1,349515.6,443327.5,528426.6,614110.3,716269.1,823213.4,951047,1141350,59665.2,121391.5,212553.8,324892.8,449436,587482.7,696418.7,819467.2,981365.3,1115667,1271267.2,1480374.8,58144.8,129712.1,238342.7,344573.7,468971.8,601643.8,732551.9,853234.3,991709.3,1130402.6,1271560.8,1495020.3,92113.7,189058.7,300821.3,429081.9,545760.3,692969.4,844636.8,973365.7,1145065.1,,,
Республика Бурятия,,,,,,,,,,,,,,,,,,,,,,,,,,,,,,,,,,,25303.8,27559.8,992.2,2569.2,4113.9,6045.8,8043.2,10624.3,12898.7,15247.4,18298.9,20925,23339.2,27770.8,543.4,1186.3,2247.4,3339.1,4944.7,6544.6,9468.4,12745.5,16581.4,20862.9,25020,29194.8,509.7,1189,2174.6,5171.4,7001.5,9175.2,11728.6,14681.8,17227.4,21365,25577.3,29376.2,729.3,1906.8,4922.2,7878.4,8980.3,14710.8,19209.5,22827.6,27739.3,34586.7,44864.3,75314.1,1567.9,4880,8908.1,13120.9,17031.6,23955.2,28544.5,33894.5,43221,48287.6,57705.5,79506.9,1933.1,4310.5,7910.1,11370.6,15711,22083.3,26398.9,30719.1,40916.6,44812.9,49450.6,64711.2,1455.5,6156.3,11368.7,16663.6,22070.1,30898.8,40023.3,46142.8,63867.3,,,
Республика Саха (Якутия),3686.6,6274.6,13413.2,19819,26124.6,35039.7,45703.2,56897,69149,81832,92796.3,115985.6,5620.6,16097.9,29618.4,41815.9,54801.6,73950,84456,96081.7,109795.5,121508.2,135282.3,151127.4,12303.4,21850.7,30849.6,49040.8,60142.8,76423.8,90710.1,104225.7,112232.6,123185.2,138554,165442.3,16015.1,24549.7,37325.5,59222.3,68370.1,81091.5,109625.1,125321.9,142366.1,161015.7,170789.6,197693.6,11972.6,20300.7,29769.1,38578.1,45344.5,52560.7,60886.9,68874.8,78134,88070.9,96662.9,114877.7,6392.6,11131.3,20027.1,30109.7,37415.7,48220.7,58576.4,70129.1,88681.8,102741.4,116086.4,138603.3,6434.6,14249.3,27601.7,43736.4,56114,74092,91439.4,111332.1,130329.9,149094.1,181289,209654.7,14342.2,29991.7,48232.8,77031.8,104055.2,124654.4,153191.9,178420.3,214262.2,249938.2,282764.4,318437,12297.7,28156.5,58155.5,76409.5,107340.3,140878.6,174140.7,198791.3,225777.5,254895.9,287995.1,330255.7,18590.3,34898.4,55164,80733.5,106930.3,137251,163730.4,186081.5,213877.1,,,
Забайкальский край,,,,,,,,,,,,,,,,,,,,,,,,,,,,,,,,,,,27470.1,29595,1073.5,2171.8,3303.3,4765.4,6783.4,9287.9,11951.3,14793.6,18321.6,22649.7,26955.9,31565.4,1463.1,2621.4,5680.3,8587.5,11106.1,13218.8,16525.1,20270.1,25390.7,31215.3,37009.2,44526.9,1570.8,3942.8,6153.8,10027.5,13243.4,18146.1,22318.6,27094.2,31606.9,35417.9,38887.6,47596.4,1441.3,4006.9,6984.1,9880.5,13927,21852,26511.3,32421.6,37452.3,44400.7,52498.4,63810.2,3955.7,7388.6,13753.7,20097.9,24089.7,31897.4,36522.5,43859.4,51351.6,58786.4,68132.1,83155.7,3352,7146.9,12944,20303.5,25583.2,30992.3,38224.7,46020.6,56446.7,62898.1,71335.2,79918.4,3758.7,8131.8,14801.4,20186.2,25679,33095.2,39276.1,46613.4,55512,,,
Камчатский край,634.8,1309.3,2163.4,3290.2,4648.2,6787.1,9425.6,11849.3,14410.5,16686.6,18877.8,22988.8,979.7,2056.7,2756.8,4154.5,5465.7,7060.4,9284.4,12274.2,14489.4,16760,19448.4,23113.7,605.1,1879.7,3438.8,4549.9,5601.5,8905.7,11228.9,12895.4,15026.9,17049.1,19561.3,23437.4,500.6,1471.2,1940.6,3143,4065.1,6640.6,9852.4,11211.7,12696.5,14694.8,17545.8,23868.2,1582.3,2406.9,2855.9,4094.8,4842.3,6105.7,7824.9,10509.3,12607.5,15439.4,18510.5,24033.1,838.8,1432.1,1810.1,2844.8,4049.7,5937.4,9108.2,11616.9,13682.1,15880.8,24621.2,32727.4,2844.6,3758.8,10351.2,14432.4,17448,21482.3,25326.4,27093,30441.2,35095.6,39897.2,42101.7,1589.3,2633.3,5029.2,7482.6,9956.3,12580,15397.7,19258.7,24076.3,27124.9,31247.7,36870.9,702.4,1523,4864.3,8598.9,11968.7,14298.3,19530.1,23147.1,26890.9,31472.7,36463.2,42580,3284.7,5125.1,8567.3,12862.2,15639.3,20501.6,26108.3,32033.8,37234.8,,,
Приморский край,813,2319.5,4129,7181,9578.9,12704.8,17992.1,26077.6,33068.5,40344.7,51060.5,66936.6,2832.2,5975.4,11371.9,17427.1,23374.4,31498.3,37326.6,45126.3,54793.1,61003.4,66859.2,72270.2,3509.6,6670.1,11737.8,16818.2,22099.1,29972.9,35828,43227.8,51193.8,57424.9,63958.4,71887.3,3891.2,9005.4,15133.4,20727.3,29583.2,38565.2,49251.1,56856.1,65110.1,78359.5,89062.1,96895,5131.6,12864.3,20436.5,29951.5,38397.6,48573.3,60138.7,72321.4,85086.4,97622.8,106572.9,116789.7,5140.4,12851,23168.9,32707,44373,54533.9,64343.9,74437.2,84203.5,96449,109341.5,123638.5,5790.8,13353.1,23286.7,36327.5,46597,63558,78243.4,88612.8,102365,115262.7,134418.2,154120.9,8432.2,18137.5,31300.8,45073.9,59976,77418.6,92952.5,109338,127309.1,144871.1,166103.6,194792.9,9751.1,20620,35215.2,50885.1,68895.3,86748.1,103892.3,121023.7,143909.2,163249.2,183803.2,211221.3,7117.4,21414,39427.9,58417.7,73603.9,96561.1,116960.6,135364.5,160039.4,,,
Хабаровский край,2554.2,4388.5,6990.8,10122.1,13716.4,18634.4,23870.5,26435.4,31925.8,37198.8,42743.3,59775.1,3299.8,6073.3,10459.7,14323.5,17612.3,22456.4,27023.3,32464.7,38833,45657.5,51868.8,58097.5,3464.9,6628.7,11230.5,15031.5,18352.1,23131,29369.2,36840.5,45163.2,52854.3,60874.5,70824.3,3546.5,7258.4,11963.9,19495.4,25499.7,33883.2,44063.5,52134,61471.8,70660.7,78402.9,85794.6,4945.5,10990.4,19131.1,27870.1,35748.5,45681,55759.7,64023.1,73686.4,83412.3,91472.4,101782.8,4766.4,11201.5,21488.7,32071,41050.6,50264.4,61274,70389.3,78786.4,91543.8,108009.6,122096.3,7808.7,12996.2,21458.4,27931.3,41518.2,50476.6,60885.7,69427.6,80796.1,100920.6,115719.3,134198.5,11768.6,20427.7,33567.1,50735.2,66820.1,85306.6,101534.4,119751.4,141369.4,163384.4,182952.4,208166,8849.4,19951.5,34710.7,56424.7,76745.4,100531.7,124655.8,149518.8,171573.1,196398.4,215102.7,246240.5,14633.7,28245.5,45119.5,72064,86747.3,112010.9,138087.9,159540.2,185391.8,,,
Амурская область,1675.6,3557.6,5597.2,8967.3,11931.4,15307.6,20191.1,24646.1,30540.7,37185.3,44282.8,52830.6,5136.1,7093.4,10492.8,16850.6,21779.3,29242.4,33046.8,41279.8,49749,59459.5,71121.7,82527.4,7338.1,13971.1,21705.8,30333.1,39037.5,50044.7,59377.1,71265.7,79253.9,88266.8,94437,110182,8070.1,16746,34793.5,55206.1,73938.8,98349.1,114191.2,141148.1,162911.4,185394.8,212624.4,247162,3711.6,6835.2,16351,26125,48943.2,73537.4,85171.4,106558.8,118697.6,150443.4,193559.4,266353.3,10803.2,22379.4,48271,76242.4,98638.5,125326.9,150850.3,178342.4,193665.6,210743.2,231775.6,253095.4,5063.9,15067.3,39527.6,93596.8,106574.6,121665.4,137125.8,156718.1,183887,204494.4,221015.7,268243.9,8596.7,20638,36730.6,60518.1,100822.5,144504.8,162468.2,193806.2,228222.9,250362.4,289830.7,331502.2,12202.6,26186.5,45986.7,63609.3,87855.9,114327.8,136703.9,158905.3,180201.7,209944.9,238922.5,303062,34359.4,62875.2,90557.1,116745.5,140029.9,168469.3,202554.7,230691.9,264016.2,,,
Магаданская область,522.7,1094.6,1723.1,2584.1,3497.6,4508,5718.2,6853.6,8846.3,10410.5,11372,14666.4,747,1194,1782.6,2486.5,3073.8,4037.5,4890.1,6217.9,7843.7,9326.4,11420.4,14139.9,724.2,1492.8,2380.1,3022.2,4113.4,5140.8,6386.1,7663.7,9001.3,10389.8,11818.6,14697.5,906.6,1900.1,3248.2,5196.1,7457.3,8859,10715.8,12534.8,15139.7,16969.7,19341.1,22426.4,1293.3,2888.6,4868.2,7195.2,9184.4,10688.1,12238,14258.3,16896.6,19331.2,21085.8,26967.3,2168.5,4389.7,6797.9,8763,11673.7,13853.1,16004.9,17961.4,20093,21640.6,24016.7,26005.9,2487.6,3962.6,5589.1,8421.1,10899.8,14817.6,18159.1,20591.5,23109.9,25361.7,30553.4,33247.8,964.7,1899.1,4236,7765.5,10746.2,15841,20702.8,23252.4,32797.4,35580.4,38832.6,42399.1,684.7,3454.9,7864.8,13421.8,15606.7,18509.7,20243.8,21813.9,25735.5,29602.2,34948.4,38130.7,970.1,3161.3,4513.1,6405,8036,9455.7,11181.5,12536.4,15839.7,,,
Сахалинская область,4081.4,8998.3,14986.1,21511.7,27011.3,33695.8,40242.8,49313.9,56738.8,63519.3,67764.9,86085.7,1721.7,4613.3,9895.9,15713.3,21602.2,28659.2,36111.3,43455.4,50621,58129.7,63704.2,69539.5,3790.3,7157.5,10962.6,15690.7,20187.1,25657.6,31223.9,38334.7,46287.9,55253.2,60997.9,70895.3,3813.4,7677.6,12264,17243.6,22342.3,27645.2,34795.5,42117.4,50209.3,59976.9,67769.4,78413,4773.3,9777,15660.2,22902.7,29280.3,35779,44144.4,52314.1,61078.6,70253.3,77914.9,87389.7,5224.7,10397.5,16146.9,20284.2,24967.6,31565.6,38008.8,50501.4,61430.5,73047.2,82785.9,95407.1,5393.8,13678,23991.6,32289.4,40195.6,50294.4,58331,69286.1,80925.8,91720.4,106031.8,132738.1,5829.9,11063.8,22771,32317.3,40457.4,51735.5,61353.3,70978.8,82870.4,95993.8,106519.5,128791.8,4779.6,12143.6,20546.1,29500.1,40968,51158.3,63048,73543.6,86187.5,98736,111543.7,130360.1,5614,12473.2,20024.6,28578,44694.3,57518.5,73697,86069,103197.6,,,
Еврейская автономная область,129.8,380.3,651.4,889.7,1290.4,1822.4,2357.2,2820.2,3282.1,3875.5,4427.4,4868.7,268.4,521.5,1145.8,1645.3,2344.2,3799.6,5085,6202.7,7166,8491.8,9326.8,9968.4,557.2,1001.5,1398.2,1874.3,2562.2,3293.9,3744.3,5564.3,7481.1,9300.4,10574.1,11440.7,897.4,1447.2,2167.4,3063.8,4115.8,5276.9,6234.7,7163.1,8268.1,9052.4,9691.2,10418.9,513.4,953.4,1559.1,2207.6,3044.2,3879.5,5332,6802.4,8168.2,9730.8,10732,11580.4,714.8,1229.5,2194.3,2926,3895.9,5460.1,6797.6,8544,9909.9,11209.1,12189.5,13569.5,574.4,1338.4,2020.4,2926.3,4351,5638.2,7404.7,8864.8,10627.2,12348.7,13928.6,16105.6,958.7,1906.2,2996.5,4193.3,5566.4,7739.6,9495.2,11478.8,13202.1,16228.5,19274.8,24469.8,1896,3287,5279.9,7336.1,9603.2,11995.5,13842,15955.2,17888.9,19984,21647,26268.3,917.2,3641.2,6828.8,9701.9,13752.2,16686.7,19795.7,23122.7,25162.3,,,
Чукотский автономный округ,13.8,45,114.9,358.6,703.2,1070.5,1263.2,1475.9,1930.7,2478.2,3007.4,4279.3,24.8,56.5,380.5,549.1,624.5,832.1,1239.6,1617.3,2393.5,2851.1,3359.7,3857.2,267.7,507.3,848.5,1182.3,1718.7,2248,2733.3,3181.1,3758,4247.5,4872.8,5772.6,245.9,699.3,1306,2131.1,3038.4,3639.1,4620.4,5619.4,6720.8,7781.8,9106.8,9572.2,544.2,872.6,1177.7,1654.3,1875,2008,2412.4,2747.6,3430.5,5277.5,6511.4,8240.4,194.5,632.2,1169.8,1865,2408.2,3636.9,4548.8,5670.6,7435.2,9187.7,10705.5,13061.2,134.7,389.6,1399.7,2127.8,2910.2,4740.2,5790.4,6934.9,8595.3,9927.7,10831.2,11814.5,1659.3,2425.6,5028.1,6556.3,9914.5,11849.5,14255.9,15428.5,22682.9,25109.3,27903.8,32282.5,1696.1,2931.7,4865.4,6714.1,8694,10120.2,11871.7,13795.6,16181.7,18408.5,20349.2,22272.1,1412.8,2936.7,4448.9,6724.3,8578.1,10520.5,13221.4,15169.5,20926.7,,,
"1 Сводные итоги за 2024 и 2025 годы по Российской Федерации включают уточнение на федеральном уровне объемов работ, не наблюдаемых прямыми статистическими методами, без распределения по субъектам Российской Федерации.",,,,,,,,,,,,,,,,,,,,,,,,,,,,,,,,,,,,,,,,,,,,,,,,,,,,,,,,,,,,,,,,,,,,,,,,,,,,,,,,,,,,,,,,,,,,,,,,,,,,,,,,,,,,,,,,,,,,,,,,
2 Приведенный итог по Южному федеральному округу за январь-июнь 2016 года сформирован без учета данных по Республике Крым и г. Севастополю.,,,,,,,,,,,,,,,,,,,,,,,,,,,,,,,,,,,,,,,,,,,,,,,,,,,,,,,,,,,,,,,,,,,,,,,,,,,,,,,,,,,,,,,,,,,,,,,,,,,,,,,,,,,,,,,,,,,,,,,,
3 Начиная с ноября 2018 г. информация по Республике Бурятия и Забайкальскому краю включена в итог по Дальневосточному федеральному округу (в соответствии с Указом Президента Российской Федерации от 03.11.2018 № 632).,,,,,,,,,,,,,,,,,,,,,,,,,,,,,,,,,,,,,,,,,,,,,,,,,,,,,,,,,,,,,,,,,,,,,,,,,,,,,,,,,,,,,,,,,,,,,,,,,,,,,,,,,,,,,,,,,,,,,,,,
