К содержанию,,,,,,,,,,,,,,,,,,
Валовой региональный продукт по субъектам Российской Федерации в 1998-2015 гг. (в текущих ценах; миллионов рублей),,,,,,,,,,,,,,,,,,
,1998,1999,2000,2001,2002,2003,2004,2005,2006,2007,2008,2009,2010,2011,2012,2013,2014,2015
Валовой региональный продукт по субъектам Российской Федерации (валовая добавленная стоимость в основных ценах),2251977.5,3827375.5,5753671.6,7170968.2,8741219.2,10742423.3,13964305.4,18034385.2,22492119.6,27963955.6,33908756.7,32007228.1,37687768.2,45392276.7,49926068.7,54103000.3,59188270.3,65750633.6
Центральный федеральный округ,634372,1190894.4,1841498.9,2243525,2878664.5,3577142.5,4617086.1,6278359.2,7965169.5,10208917.7,12674395.4,11405184,13444440.1,16062123.8,17432294.6,19160905.7,20866362,22663758.1
Белгородская область,18245.5,32060.6,42074.5,49941.8,62404.4,76054.5,114409.3,144987.8,178846.1,237013.3,317656.3,304345.3,398361.4,507839.8,545517.2,569006.4,619677.7,693379.4
Брянская область,11051.3,16809.4,24650.5,30110.3,37374.1,43700.3,51003.4,66692.3,82100.4,102706.2,125834.4,126477.4,147024,174211.8,207397.5,219502.8,242722.4,271782.5
Владимирская область,14936.9,24481,33017.7,42075.4,50359.9,61818.6,74207,86926.8,112841.7,146663,175395.7,185824.6,224759.2,261222.6,286018.6,306641.4,328064.2,368489.2
Воронежская область,22381.9,36278.8,49523.9,60014.6,83001.1,100143.3,117197.6,133586.6,166176.5,222811.9,287072.1,301729.1,346568.2,474973.9,563965.4,611720.4,717667.2,805969.6
Ивановская область,8278.4,11743.6,16900,22175.9,26981.3,33214.6,40159.4,44415.4,55090,74752,86980.3,87061.9,109884.5,128905.4,136115,158228.7,151876.8,180517.5
Калужская область,10097.3,16009.8,23903.3,31860,37283.1,48792.7,57993.8,70953.9,86150.5,111869,150394.4,154946.1,188601.3,234749,285256.6,292841,326459.5,339760.8
Костромская область,8478.9,13363.6,16662.2,22221.5,25952.9,29692.1,37787.4,44684.7,54351.1,65700.4,81040.7,78920.7,98130.7,116629.8,130840.4,139015.9,146731.5,160579.8
Курская область,15507.9,22033.9,30167.7,36399.8,45309.4,56383.1,76506.1,86624.9,104035.7,128799,167865.8,161570.9,193648.6,228851.4,248213.1,271542.5,298287.3,336999.4
Липецкая область,16400.5,31008.7,48067.7,50574.1,70590.5,96241.9,141778.3,145194.4,179057.3,209821.5,259532.2,226662,248544.9,287816.8,293301.3,315685.4,398464.5,448994.3
Московская область,82056.8,131178.3,176693.6,235159.6,312950,412089.3,535204.4,708062.1,934328.9,1295649.9,1645753,1519446.3,1832867.3,2176795.3,2357081.9,2545951.5,2742886.1,3180924.6
Орловская область,9506.9,15800,22160.8,27624.8,35657.4,42073.3,46042.3,53181.9,64801.6,77101.2,96669.9,90623.6,106196.7,131198.2,146103.2,164797,178822.5,208237.9
Рязанская область,12943.8,20108.1,27956.5,37054.3,45797.5,59607.2,69996,84382.7,105491.9,121305.2,150151.2,153634.1,179127.9,214142.6,253881.6,279286.5,295611.7,323131.8
Смоленская область,11630.9,20564.9,28140.6,36016.3,42166.1,49085.7,56113.9,65525.6,79043.4,95703.4,121601.3,125348.9,154681.1,180811.5,201817,225887.1,234710.1,256706.8
Тамбовская область,9871.3,16750.9,23387.3,31086.6,38897.8,46877.7,56775,63614.8,79766.2,106039.6,120836,136323.9,143902.4,173283.1,203331.5,236335.9,285656.5,317213.7
Тверская область,16784,25703.4,35341.1,46986.4,55732.6,68805.3,88081.5,96897.4,127363.8,156034.6,192283,197687,219004.9,255073,268063.9,298669.2,316613.2,329616
Тульская область,17890.5,28602.2,42061.3,52891.2,65416.3,72258,88119.6,116221.2,142240.1,174110.9,231730.8,214925.4,237629.2,279879.3,311240.3,348034.8,411122.3,477537.8
Ярославская область,19811.3,33337.4,41756.2,61149.6,75313.4,92073.4,112438.7,131252.1,153251.5,186577.5,214946.3,212684.4,239644,286967.5,327279.6,362861.8,391462.8,443054.1
г.Москва,328497.9,695059.8,1159034,1370182.8,1767476.7,2188231.5,2853272.4,4135154.6,5260232.8,6696259.1,8248652,7126972.4,8375863.8,9948772.8,10666870.5,11814897.4,12779525.7,13520862.9
Северо-Западный федеральный округ,240785,402312.7,578504.7,709025.1,886843.2,1091026.5,1474882.0,1799780.2,2198608,2770190.2,3388222.1,3415870.7,3943053.7,4785458.7,5247508.5,5553389.2,5945311.3,7204794.8
Республика Карелия,11241.6,20040.4,28214.6,33721.2,41362.4,46588.9,53964.1,77124.8,84228.3,104603.3,115208.2,105924.1,120511.3,154953.7,160841.5,178636.2,191192.1,212049.5
Республика Коми,29127.5,43810.6,59473.1,78276.5,86019.4,107149,131588,171307.2,218490.7,241150.5,291812.1,302629.2,353853,435959.3,479051.3,482329.9,484166.5,528403.4
Архангельская область,22435.5,35928.4,61806.9,67274.7,83158.8,103951.3,142564.7,166433.4,215932.7,268672.1,289755.9,323606.8,372804.8,439116.8,472470.9,500095.1,542695.3,627698.1
в т.ч. Ненецкий авт. округ,…,…,11924,11883.5,16480.8,25040.6,39586.7,44718.3,67248.4,97838.3,91476.4,130177.7,145928.3,165431.3,157067.1,173170.2,187009.8,227193.5
Архангельская область без Ненецкого авт.округа,…,…,…,…,…,…,…,…,…,…,…,…,…,273685.5,315403.8,326924.9,355685.5,400504.6
Вологодская область,23748.4,44974.4,69195.5,65425.3,80731.9,107544.6,161378.6,193966.1,201939.2,243336.3,294926.2,213396.9,262432.7,323067.9,355291.3,346227.6,387211.7,478893
Калининградская область,8405.8,15619.6,23290.3,32327.2,40120.3,46757.7,66552.1,81837.6,103138.7,143927.7,179266.7,169519.6,195749.1,241004.8,265361.2,275885.8,314088.3,349818.6
Ленинградская область,21515.9,39742.8,56001.9,75858.6,94747,121222.3,166445,205416.9,265260.4,309028.6,383255.4,430395.5,490303.7,581712,672066.9,678718.3,703325.6,849616.6
Мурманская область,22675.9,40973.5,55135,57569.3,68445.4,80604.1,124972,132870.2,158127,191584.6,213733.5,202235.5,233438.9,263811.7,283846.2,306578.7,328291.8,401582.7
Новгородская область,9361,15726.4,20965.5,27501,31466.8,38081.7,49242.3,63848.3,74923.8,86664.9,115141.3,117710,127407.8,153419.7,170605.7,178818.1,209304.4,234075.7
Псковская область,6161.2,11142.4,16178.9,19416.9,24098.9,29488.4,35816,40582.9,51464.9,61561.9,73283.2,74647.8,87066,100498.5,107547.5,114676.2,123825.6,135239.5
г.Санкт-Петербург,86112.2,134354.2,188243,251654.4,336692.3,409638.5,542359.2,666392.8,825102.3,1119660.3,1431839.6,1475805.3,1699486.4,2091914.3,2280426,2491423.3,2661210,3387417.7
Южный федеральный округ,134769.4,230255.9,329695.3,426507.8,519019.2,616085.3,766851.3,936055.9,1195194.5,1577082.9,2001111.5,1994912.5,2337936.9,2777791.9,3185419.8,3574075.7,4146212.1,4636315.5
Республика Адыгея,3112.6,4524.8,5519.6,6641.8,7909.9,9849.3,12493.2,17029.1,21132.4,29085.1,36134.4,41511.5,47194.5,56803.3,65300.4,70862.3,75622.5,84306
Республика Калмыкия,1525.3,2198,6212.6,6732,7272.3,6539.5,8518.5,9685.7,12844.1,17225.8,20789.7,23948.1,24404.1,29318.7,35897.8,41165.9,46680.6,51958.5
Республика Крым,,,,,,,,,,,,,,,,,189439.2,265970.6
Краснодарский край,51621.9,98882,137125.3,179177.5,217727.6,248565.5,313623.6,372929.8,483950.7,648211.3,803834.1,861603.3,1028308.4,1244652.8,1459490.8,1662969.1,1784833.5,1933512.1
Астраханская область,10356.3,16032.8,28115.7,32274.3,40994.9,50659.8,56710.9,70127.6,85112.1,100359.2,147549.1,134418.2,144888.8,172616.6,209654.4,273917.1,296319.3,322303
Волгоградская область,30261.5,44411.1,63767.1,82919.7,104341.2,128622.2,154337.7,203232.2,252142.7,331766.8,416678.5,377514.3,433473.7,508433.3,571516.1,607472.2,715409.6,740458
Ростовская область,37891.8,64207.2,88955,118762.5,140773.3,171849,221167.4,263051.5,340012.5,450434.7,576125.7,555917.1,659667.4,765967.2,843560.3,917689.1,1007758.8,1189144
г.Севастополь,,,,,,,,,,,,,,,,,30148.6,48663.3
Северо-Кавказский федеральный округ,50235.3,73692,105178,142442.1,174564.1,220169.6,275606.3,352070,457117.5,573220.1,728230.9,786670.9,891834.3,1066319.6,1209038.8,1397672.6,1577951.5,1709050.7
Республика Дагестан,8480.3,13014.1,20921.1,31544,41441,57626.7,80712.4,90442.6,124153.5,156928.8,216277.2,257832.7,274354.2,330322.8,374710.3,452882.2,528131.3,569297.3
Республика Ингушетия,1025.2,1635.9,2618.5,3604.3,3582.1,4756.6,6210.4,7419.3,9033.5,16812.4,19172.9,18953.3,19929.1,26858.9,37413.9,45766.7,51908.2,50091
Кабардино-Балкарская Республика,5723.1,9674,14081.3,19443.3,22774.5,25997.4,29052.9,36833.4,43309.7,48908.7,58093.4,65660.1,77086.4,90594.5,106711.2,110971.5,116886,120528.8
Карачаево-Черкесская Республика,2817.3,4207.9,5461.5,7324.8,10234.5,11481.1,13127.2,16724.3,23260.1,27469.7,35714.2,38584.1,43651.5,49252.1,58712.1,66106.6,65326.6,67482.7
Республика Северная Осетия-Алания,3909.6,6774.5,8363.2,12665.3,15997.5,18925.2,24268,31182.2,43341.2,52804.8,57707.4,64081.4,75327.4,85876.7,97448.8,118637.5,125960.5,126051.2
Чеченская Республика,…,…,…,…,…,…,…,22898.9,32344.4,48056.1,66273.8,64308.3,70694.9,86623,102289.1,122402.8,148942.1,154401.4
Ставропольский край,28279.8,38385.6,53732.4,67860.4,80534.5,101382.6,122235.4,146569.3,181675.1,222239.6,274992,277251,330790.8,396791.6,431753.4,480905.3,540796.8,621198.3
Приволжский федеральный округ,429881.8,705441.5,1036789,1292756.5,1483309.6,1807987.0,2284895.8,2799035.9,3513341.6,4330427.6,5324051.1,4922531.5,5709469.8,7050735.5,7864342.2,8474685,9185550,10068677.1
Республика Башкортостан,56529,97653.6,145125,166974.8,187842.2,242920.5,310845.1,381646.5,505205.8,590054.1,743133.4,647911.7,759203.3,941023.6,1149384.6,1163219,1260010.4,1316598.3
Республика Марий Эл,6108.1,9222.6,11207.6,15087.8,17815.3,22987.3,30085.6,33350.7,43663.7,55069.2,65765.3,69271.5,82374.4,97323.3,117201.1,125950.2,143396.1,171689.5
Республика Мордовия,8347.2,12160.6,17553.4,22089.5,27508,33244,38334.9,44267,57974.2,77048.8,94058.3,90862.4,105343.8,119955.2,134315.6,148705.7,173872.7,180352.3
Республика Татарстан,65727.8,108354.9,186154.4,213740,250596,305086.1,391116,482759.2,605911.5,757401.4,926056.7,885064,1001622.8,1305947,1437001,1551472.1,1661413.8,1867258.7
Удмуртская Республика,18923.4,34596,53307.4,65551.4,78346.3,89034.5,100833.1,139995.3,164848.5,205647.4,243135.5,230938.3,274578.1,335984,372782.7,405126.4,450548.9,517999.8
Чувашская Республика,11152.5,16582.3,22995.1,30778.5,37180.6,45133.1,59573.8,69391.6,93172,123453.3,155032.3,139909.5,157704.6,188785.7,217821.1,223147.9,237447.2,251307
Пермский край,52127.6,87331.7,124142.2,166803.4,178091,209275.7,266325.9,327273.3,383770.1,477794.2,607362.7,539831.5,623116.8,840101.1,860342.7,880264.4,974192.9,1063780.3
Кировская область,15717.5,25236.7,35795.4,41699,49974.2,57795.8,70706.2,79800.6,97047.1,118154.9,151116.7,146321.3,172352,195269.5,208505.4,224152.3,254089.4,282191
Нижегородская область,47409.5,72132,105055.9,149322.6,170826.5,206926,241230.4,299723.7,376180.3,473307.4,588790.8,547223,652805.9,770774,842195.5,925182,1009460.1,1104643.2
Оренбургская область,27271.2,51582.1,76343.3,85168.3,94182.5,115824.6,169876.7,213138.2,302808.4,370880.9,430023.1,413395.5,458145.4,553320.9,628563.6,717014.8,731277.7,774962.1
Пензенская область,10545.5,17825.2,25218.7,33262.6,41623.4,48111.5,59711.7,74362.7,88805,119104,147853.2,147185.1,172166.7,213401.2,239962.5,270436.8,295238.7,343328.6
Самарская область,67519.9,105581.3,140407.4,180049.3,206320.2,256554.6,327118.5,401812.2,487713.5,584968.6,699295.6,583999.9,695651.2,834149.3,937434.5,1048545.8,1149147.8,1264910.3
Саратовская область,27716.1,43799.6,63068.2,83665.7,97326.4,119909,151636.9,170930.5,204291.2,252867.2,321747.2,326370.4,376169.4,431028,478275.8,526178.9,566646.1,625176.9
Ульяновская область,14786.5,23382.9,30415,38563.6,45677,55184.3,67501,80584.4,101950.3,124676.2,150680.3,154247.4,178235.4,223672.7,240556.1,265288.7,278808.2,304479.1
Уральский федеральный округ,315745.6,522489.9,866133.4,1120819.8,1335976,1659322.1,2234753.0,3091362.9,3720616.2,4236325.3,4815668,4360451.2,5118918.4,6314341.2,7098364.3,7568240.1,8119343.3,9063071.8
Курганская область,9466.4,14770.6,18705.2,25379.6,29940.8,37046.2,42470.6,50245.8,68434.5,81076,106223.2,107914.5,117879.5,136325.1,146045.5,167037.9,170310.3,179436.3
Свердловская область,73056,112407,156077,199859.1,234866.4,284576.3,364368.8,475575.5,653908.3,820792.5,923550.8,825267.4,1046600.1,1291019.1,1484879,1568655.2,1659783.9,1822835
Тюменская область,188611.3,316194.7,570790.2,753119.2,898722.4,1117514.4,1536733.7,2215584.4,2551355.4,2758813.1,3121401.3,2870284,3301573.3,4112596,4625467.5,4950207.4,5295348.5,5851557.8
в т.ч. Ханты-Мансийский автономный округ-Югра,…,…,403822.2,497981.4,552483.5,717219.7,956196.5,1399335.9,1594097.1,1728340.2,1937159.1,1778637.1,1971870.5,2440432.6,2703558.8,2729122.4,2860498.9,3154058.7
Ямало-Ненецкий автономный округ,…,…,117100.8,184315.9,262447.4,283181.2,355718.4,441721.8,546365.8,594678.6,719397,649640,782214.9,966110.4,1191271.9,1375878.8,1633382.2,1791825.6
Тюменская область (без Ханты-Мансийского авт.округа-Югра и Ямало-Ненецкого авт.округа),…,…,…,…,…,…,…,…,…,…,…,…,…,706053,730636.8,845206.2,801467.4,905673.5
Челябинская область,44611.9,79117.6,120561,142461.9,172446.4,220185.2,291179.9,349957.2,446918,575643.7,664492.7,556985.3,652865.5,774401,841972.3,882339.6,993900.6,1209242.7
Сибирский федеральный округ,278015.4,430390.5,635471.7,778927.9,909296.4,1104197.5,1506602.2,1806739.4,2260554.7,2772400.7,3177169.3,3121312.5,3831126.3,4445440.7,4798101.9,5134467.9,5712688.7,6371103.1
Республика Алтай,1527.6,2186.2,2737.5,4499.4,5310.6,6903.9,8516.7,8805.8,11609.4,15108.5,18701,19911.6,22393.7,26380.8,30444.6,33313.5,39191.9,42165.7
Республика Тыва,1958.5,2727.9,3594.1,5197.2,6847.4,8121.2,9838.5,11662.5,15146.8,19384.2,23870.5,26921.9,30772.8,33398.9,37369.1,41298.7,45947.9,47289.6
Республика Хакасия,8158.8,13192.3,17418.1,20041,25423.3,28969.2,33102.9,41727.5,53689.3,63722,72308.8,81019.9,96039.8,113088.1,130638.5,141850.5,158372.8,170413.1
Алтайский край,21365.9,32430.6,46736.8,61854.4,73107.4,88733.3,114840.5,135686.4,173810.5,223563.4,259343.1,265613.3,302900.7,332117.8,368995.2,416110.3,446023.8,487903.3
Красноярский край,70150.1,124516.5,214662.7,239420,230994.9,272727,365454.1,439736.9,585881.9,734154.8,737950.5,749194.8,1055525,1170827.3,1183228,1256934.1,1410719.9,1667041.1
Иркутская область,50422.2,77701.2,103013.8,120240,140195.9,167927.1,213244.2,258095.5,330834.3,402654.7,438852.4,458774.9,546141,634561.4,737971.6,805197.5,916317.5,1001717.6
Кемеровская область-Кузбасс,42890.2,64491.4,88728.1,113800.2,136156.7,164903.1,244462,295378.4,342210.6,437790.2,575901.9,512408,625914.9,751198.4,718320.4,667950.5,752024,843345.4
Новосибирская область,34399,52746.5,72012.7,95298.9,123084.5,153798.9,191826.7,235381.8,296064.5,365531.2,453574.6,425400.2,484141.3,598563.5,728154,817516.7,911219,1021642.9
Омская область,26855,33734.7,46028.4,61535.7,92628.7,115029.5,192877.3,220686.1,262506.7,296004.7,347760.3,336259.6,382620.4,451418.8,491507.6,551734,602605.1,618127.7
Томская область,20288.1,26663.2,40539.5,57041.1,75547,97084.3,132439.3,159578.5,188800.7,214487,248906.2,245808.3,284676.7,333885.7,371472.9,402562.1,430266.8,471456.7
Дальневосточный федеральный округ,168173,271898.6,360400.6,456964.0,553546.2,666492.8,803628.7,970981.7,1181517.6,1495391.1,1799908.4,2000294.8,2410988.7,2890065.3,3090998.6,3239564.1,3634851.4,4033862.5
Республика Бурятия,11140,16185.4,21574.5,30075.1,37884.5,52253.7,63918.5,74912.9,91712.4,107442,124738.5,121187.7,133525.6,153624.1,164737.8,176888.9,186492.9,202823.4
Республика Саха (Якутия),33632.4,62750.8,81960.4,100922.4,115117.1,132964.1,153496.7,183027,206845,242656.5,309518.3,328201.7,386825.1,486830.9,541306.8,570284.7,658140.4,747601.7
Забайкальский край,12864.6,20783.9,30024.6,35139.2,44555.8,53145.5,61261.8,69647.1,90732.1,110822.4,140302,148587.9,166742.5,203869,223968.8,229239.4,234840.8,247666.2
Камчатский край,11678.2,14919.8,18140.7,23031.7,25881.9,29747,35139.3,43974.3,56119.8,66076.8,77854.3,94643.2,103123.2,114375.9,127412.7,133364,145761.3,175404.8
Приморский край,31373.1,53242.2,62088.5,72826.1,96832.3,119333.7,152301.1,186623.3,215934.4,259041.4,316581.9,368996.7,470679.2,549722.8,557489.3,577473.9,642423,717609.9
Хабаровский край,29309.6,40306.9,64794.8,79891.5,101048.6,116318.1,133330.5,161194.4,194259.6,231293.2,269178.6,276895.4,353590.3,399594.2,437994.3,498067.2,539338.4,595792.3
Амурская область,14436.1,20676.3,26315.2,39052.8,45717.5,53199.9,64250.2,76861.2,95090.9,111761.2,131563.7,151118.6,178689.6,225401.7,229407.1,210700.9,232053,277380.4
Магаданская область,6983.4,10538.7,13009.5,17151.6,22374.8,24325.9,24612.3,27167.8,31203.2,35314.4,42053.8,47895.9,59619.7,72174.2,78417.9,88905.9,96936.8,125798.3
Сахалинская область,12610.5,26269.9,34777,47140.1,47139.8,63139.2,91729.6,121014.1,166105.4,286273,333581.6,392380.1,487659.5,600247.9,641886.4,671743.6,799165.4,837495.2
Еврейская автономная область,1510.1,3026,3784,4788.9,6838.5,8564.6,11230.9,14204.2,17976.8,23726.1,23977,25320,31555.9,39467,42743.6,38428.7,41948.1,44554.8
Чукотский автономный округ,2635,3198.7,3931.4,6944.6,10155.4,13501.1,12357.8,12355.4,15538,20984.1,30558.7,45067.6,38978.1,44757.6,45633.9,44466.9,57751.3,61735.5
